word_id,english,xhosa,part_of_speech,xhosa_tone_markings,infinitive,is_plural,is_inchoative,transitivity,followed_by,noun_class,note
1,help,uncedo,noun,,,false,false,,,Ulu,
3,see,bona,verb,,ukubona,false,false,either,,,
4,orange,i-orenji,noun,,,false,false,,,In,"Some speakers use this noun as a Class 5/6 noun - i-orenji/ama-orenji, while others use it as a Class 9/10 noun, i-orenji/ii-orenji"
5,show,bonisa,verb,,ukubonisa,false,false,transitive-only,,,
6,oranges,ii-orenji,noun,,,true,false,,,Izin,
7,tell,xelela,verb,,ukuxelela,false,false,transitive-only,,,
8,buy,thenga,verb,,ukuthenga,false,false,transitive-only,,,
9,eat,tya,verb,,ukutya,false,false,either,,,
10,baby,usana,noun,,,false,false,,,Ulu,"Many speakers use ""umntwana"" (child) these days instead of ""usana""."
11,babies,iintsana,noun,,,true,false,,,Izin,
12,father,utata,noun,,,false,false,,,U,"Utata can be used to describe any middle aged man or older, even if they are not your father."
13,fathers,ootata,noun,,,true,false,,,Oo,Ootata can be used to refer to any group of middle aged men or older. Even if they are not actually fathers.
14,be similar,fana,verb,,ukufana,false,false,intransitive,,,
15,sing,cula,verb,,ukucula,false,false,either,,,
16,start,qala,verb,,ukuqala,false,false,either,,,
17,calm,thuthuzela,verb,,ukuthuthuzela,false,false,either,,,
19,cars,iimoto,noun,,,true,false,,,Izin,
20,car,imoto,noun,,,false,false,,,In,
21,watch,bukela,verb,,ukubukela,false,true,transitive-only,,,
22,become damaged,onakala,verb,,ukonakala,false,true,intransitive,,,
23,father,ubawo,noun,,,false,false,,,U,
24,hurry,khawuleza,verb,,ukukhawuleza,false,false,intransitive,,,
25,depend,xhomekeka,verb,,ukuxhomekeka,false,true,intransitive,,,
26,advise,yala,verb,,ukuyala,false,false,either,,,
27,television,umabonakude,noun,,,false,false,,,U,Note that most speakers use iTV in Class 9 (in-) for television
28,drunkard,inxila,noun,,,false,false,,,Ili,
29,succeed,phumelela,verb,,ukuphumelela,false,false,intransitive,,,
30,preach,shumayela,verb,,ukushumayela,false,false,either,,,
31,guy,umfo,noun,,,false,false,,,Class1Um,
32,about,malunga,preposition,,,false,false,,,,"""malunga"" is always followed by ""na-"".  You can also use nga- e.g. Le yincwadi ethetha ngethemba. This is a book  that speaks about hope."
33,beloved,isithandwa,noun,,,false,false,,,Isi,
34,as if,ngathi,preposition,,,false,false,,,,
35,ambition,ikhwele,noun,,,false,false,,,Ili,"""Ikhwele"" is usually used to mean a kind of envy of someone which motivates a person to work hard so that they too can achieve the same things which they envy, meaning it is more positive than the negative ""ubukhwele""."
36,envy,ubukhwele,noun,,,false,false,,,Ubu,
37,ride,khwela,verb,,ukukhwela,false,true,either,,,
38,field,ibala,noun,,,false,false,,,Ili,
39,story,ibali,noun,,,false,false,,,Ili,
40,stories,amabali,noun,,,true,false,,,Ama,
41,fields,amabala,noun,,,true,false,,,Ama,
42,colour,umbala,noun,,,false,false,,,Class3Um,
43,colours,imibala,noun,,,true,false,,,Imi,
44,count,bala,verb,,ukubala,false,false,either,,,
45,write,bhala,verb,,ukubhala,false,false,either,,,
46,bed,umandlalo,noun,,,false,false,,,Class3Um,"This is a rather archaic term for a bed, coming from the word to prepare a reed bed."
47,bed,ibhedi,noun,,,false,false,,,In,"Modern term for a bed from ""bed"" in English and Afrikaans"
48,exact revenge,phindeza,verb,,ukuphindeza,false,false,,,,
49,characterise,phawula,verb,,ukuphawula,false,false,,,,
50,character,isimilo,noun,,,false,false,,,Isi,
51,plant,isityalo,noun,,,false,false,,,Isi,
52,garden,isitiya,noun,,,false,false,,,Isi,"""igadi"" is often used more than ""isitiya"", especially colloquially."
53,control,lawula,verb,,ukulawula,false,false,,,,
54,bread,isonka,noun,,,false,false,,,Isi,
55,egg,iqanda,noun,,,false,false,,,Ili,
56,calm down,zola,verb,,ukuzola,false,false,intransitive,,,
57,detail,inkcukacha,noun,,,false,false,,,Izin,
58,sack,ingxowa,noun,,,false,false,,,Izin,
59,kick,khaba,verb,,ukukhaba,false,false,,,,
60,demolish,diliza,verb,,ukudiliza,false,false,transitive-only,,,
61,decorations,izihombiso,noun,,,true,false,,,Izi,
62,book,incwadi,noun,,,false,false,,,In,
63,play,dlala,verb,,ukudlala,false,false,,,,
64,learn,funda,verb,,ukufunda,false,false,,,,
65,a lot of,inkitha ya-,noun,,,false,false,,,In,
66,wish happy birthday,bhafisa,verb,,ukubhafisa,false,false,transitive-only,,,
67,try,zama,verb,,ukuzama,false,false,either,,,
68,thing,into,noun,,,false,false,,,In,
69,things,izinto,noun,,,true,false,,,Izin,
70,like that,njalo,adverb,,,false,false,,,,"This word has multiple meanings, and can often be translated as, ""so"", ""like that"", ""in that way"" etc."
71,journalist,intatheli,noun,,,false,false,,,In,
72,hat,umnqwazi,noun,,,false,false,,,Class3Um,
73,tear apart,krazuka,verb,,ukukrazuka,false,false,transitive-only,,,
74,improve,phucula,verb,,ukuphucula,false,false,transitive-only,,,
75,shade,umthunzi,noun,,,false,false,,,Class3Um,
76,battle,idabi,noun,,,false,false,,,Ili,
77,example,umzekelo,noun,,,false,false,,,Class3Um,
78,examples,imizekelo,noun,,,true,false,,,Imi,
79,extract,isicatshulwa,noun,,,false,false,,,Isi,
80,trophy,indebe,noun,,,false,false,,,In,
81,swear,thuka,verb,,ukuthuka,false,false,,,,
82,become shocked,othuka,verb,,ukothuka,false,true,intransitive,,,
83,slow down,cothisa,verb,,ukucothisa,false,false,either,,,
84,especially,ngakumbi,adverb,,,false,false,,,,
85,become hurried,ngxama,verb,,ukungxama,false,true,intransitive,,,
86,love,thanda,verb,,ukuthanda,false,false,,,,
87,go home,goduka,verb,,ukugoduka,false,false,,,,
88,rinse,pula,verb,,ukupula,false,false,either,,,
89,brush against,thintana na-,verb,,ukuthintana na-,false,false,,,,
90,blink,isiqhuphe,noun,,,false,false,,,Isi,
91,laugh,hleka,verb,,ukuhleka,false,false,,,,
92,song,ingoma,noun,,,false,false,,,In,
93,refuse,ala,verb,,ukwala,false,false,either,,,
94,say,thi,verb,,ukuthi,false,false,either,,,"""thi"" has many meanings, and it can also be used as a generic tense marker as well as the verb ""say"""
95,tree,umthi,noun,,,false,false,,,Class3Um,
96,trees,imithi,noun,,,true,false,,,Imi,
97,like that,njalo,relative,,,false,false,,,,"This word has multiple meanings, and can often be translated as, ""so"", ""such"", ""these kinds of"", etc."
98,sun,ilanga,noun,,,false,false,,,Ili,
99,fountain,umthombo,noun,,,false,false,,,Class3Um,
100,difficult,nzima,relative,,,false,false,,,,
101,hard,nzima,adverb,,,false,false,,,,
102,hundred,ikhulu,noun,,,false,false,,,Ili,
103,cat,ikati,noun,,,false,false,,,In,
104,cats,iikati,noun,,,true,false,,,Izin,
105,give,pha,verb,,ukupha,false,false,transitive-only,,,
106,arrive,fika,verb,,ukufika,false,false,intransitive,,,"Often used in the context of ""get to"""
107,gift,isipho,noun,,,false,false,,,Isi,
108,provoke,xhokonxa,verb,,ukuxhokonxa,false,false,,,,
109,gifts,izipho,noun,,,true,false,,,Izi,
110,humiliate,phoxa,verb,,ukuphoxa,false,false,,,,
111,drought,imbalela,noun,,,false,false,,,In,
112,fur,uboya,noun,,,false,false,,,Ubu,
113,bump into,tshayisana na-,verb,,ukutshayisana,false,false,either,,,
114,celebrate,bhiyoza,verb,,ukubhiyoza,false,false,either,,,
115,abuse,xhaphaza,verb,,ukuxhaphaza,false,false,,,,
116,blanket,ingubo,noun,,,false,false,,,In,
117,prosper,hluma,verb,,ukuhluma,false,false,intransitive,,,
118,bring,phathela,verb,,ukuphathela,false,false,,,,
119,burn,tsha,verb,,ukutsha,false,false,intransitive,,,
120,close,vala,verb,,ukuvala,false,false,,,,
121,drive,qhuba,verb,,ukuqhuba,false,false,,,,
122,price,ixabiso,noun,,,false,false,,,Ili,
123,cut,sika,verb,,ukusika,false,false,,,,"""sika"" is used for things that are not growing (for example, bread). ""cheba"" should instead be used for something growing, such as hair."
124,dance,danisa,verb,,ukudanisa,false,false,,,,
125,disappoint,danisa,verb,,ukudanisa,false,false,transitive-only,,,
126,die,fa,verb,,ukufa,false,false,intransitive,,,"""fa"" should generally only be used for yourself or animals, as it can be disrespectful to use it for other people. In those cases, more respectful terms such as ""sweleka"" or ""bhubha"" should be used. Note the infinitive form UKUFA is also used to translate ""death""."
127,do,enza,verb,,ukwenza,false,false,transitive-only,,,
128,drink,sela,verb,,ukusela,false,false,either,,,"""sela"" should be used for things that are cold, such as water. ""phunga"" should be used for things that are hot, such as tea."
129,decide,gqiba,verb,,ukugqiba,false,false,either,,,
130,forget,libala,verb,,ukulibala,false,false,either,,,
131,go,ya,verb,,ukuya,false,false,intransitive,,,"Note with the reflexive Object Concord -zi- and the applied extension -el- this verb can be used to mean ""Go by the self"" e.g. Umntwana wam uziyela esikolweni ""The child goes by itself to school"""
132,agree,vuma,verb,,ukuvuma,false,false,,,,
133,answer,phendula,verb,,ukuphendula,false,false,either,,,
134,believe,kholelwa,verb,,ukukholelwa,false,false,,,,
135,call,biza,verb,,ukubiza,false,false,transitive-only,,,
136,choose,khetha,verb,,ukukhetha,false,false,either,,,
137,date,umhla,noun,,,false,false,,,Class3Um,"Xhosa speakers also use the English word ""i-date"""
138,change,tshintsha,verb,,ukutshintsha,false,false,either,,,"This is borrowed from the English ""change""."
139,clean,coca,verb,,ukucoca,false,false,transitive-only,,,"-cocekile ""clean"" is the adjectival use, as in ""Icocekile le ndawo"" (This place is clean)"
140,open,vula,verb,,ukuvula,false,false,transitive-only,,,
141,compare,thelekisa,verb,,ukuthelekisa,false,false,,,,
142,cry,lila,verb,,ukulila,false,false,,,,
143,cook,pheka,verb,,ukupheka,false,false,,,,
144,prices,amaxabiso,noun,,,true,false,,,Ama,
145,dates,imihla,noun,,,true,false,,,Imi,
146,give,nika,verb,,ukunika,false,false,,,,
147,leave alone,yeka,verb,,ukuyeka,false,false,transitive-only,,,
148,forgive,xolela,verb,,ukuxolela,false,false,transitive-only,,,
149,remember,khumbula,verb,,ukukhumbula,false,false,either,,,"Khumbula is also used to translate ""miss"", e.g. Ndikhumbula umama. I miss mom."
150,fix,lungisa,verb,,ukulungisa,false,false,,,,
151,find,fumana,verb,,ukufumana,false,true,transitive-only,,,
152,become full,gcwala,verb,,ukugcwala,false,true,intransitive,,,
153,fight,lwa,verb,,ukulwa,false,false,,,,
154,explain,cacisa,verb,,ukucacisa,false,false,either,,,
155,cost,xabisa,verb,,ukuxabisa,false,false,intransitive,,,
156,cut,cheba,verb,,ukucheba,false,false,either,,,"""cheba"" is used for things that are growing (such as hair). ""sika"" should instead be used for things that are not growing (such as bread)."
157,become disappointed,dana,verb,,ukudana,false,true,intransitive,,,
158,describe,chaza,verb,,ukuchaza,false,false,,,,
159,destroy,tshabalalisa,verb,,ukutshabalalisa,false,false,transitive-only,,,
160,make,enza,verb,,ukwenza,false,false,transitive-only,,,
161,pass away,sweleka,verb,,ukusweleka,false,false,,,,
162,drink,phunga,verb,,ukuphunga,false,false,,,,"""phunga"" should be used for things that are hot, such as tea. ""sela"" should be used for things that are cold, such as water."
163,fall,wa,verb,,ukuwa,false,false,,,,
164,burn,tshisa,verb,,ukutshisa,false,false,transitive-only,,,
165,interest,umdla,noun,,,false,false,,,Class3Um,"This refers to interest in something, not to financial interest."
166,vaccine,ugonyo,noun,,,false,false,,,Ulu,
167,rain,netha,verb,,ukunetha,false,false,intransitive,,,
168,hand,isandla,noun,,,false,false,,,Isi,
169,sleep,lala,verb,,ukulala,false,true,intransitive,,,"Note the irregular stativr form ""lele"" to translate is asleep, e.g. She is asleep - Ulele."
170,dog,inja,noun,,,false,false,,,In,
171,advise,cebisa,verb,,ukucebisa,false,false,either,,,
172,clever,krelekrele,relative,,,false,false,,,,
173,dogs,izinja,noun,,,true,false,,,Izin,
174,ask,buza,verb,,ukubuza,false,false,either,,,
175,continue,qhubekeka,verb,,ukuqhubekeka,false,false,intransitive,,,"Note: qhubeka is the original word for ""continue"" - the additional -ek- is, however, becoming popular"
176,rain,imvula,noun,,,false,false,,,In,
177,complain,khalaza,verb,,ukukhalaza,false,false,,,,
178,help,nceda,verb,,ukunceda,false,false,either,,,
179,pray,thandaza,verb,,ukuthandaza,false,false,,,,
180,love,uthando,noun,,,false,false,,,Ulu,
181,bark,khonkotha,verb,,ukukhonkotha,false,false,,,,
182,command,yalela,verb,,ukuyalela,false,false,either,,,
183,birthday,umhla wokuzalwa,noun,,,false,false,,,Class3Um,"Note: many Xhosa speakers now just use ibirthday.  Note the personal possessive comes immediately after UMHLA - so umhla wakho wokuzalwa - literally ""day of yours of being born"".  Also note that imini yokuzalwa is also used for ""birthday"".  Usuku lokuzalwa is another variation."
184,desert,intlango,noun,,,false,false,,,In,
185,doubt,thandabuza,verb,,ukuthandabuza,false,false,,,,
186,vaccinate,gonya,verb,,ukugonya,false,false,,,,
187,congratulations,halala,interjection,,,false,false,,,,
188,soft,tofotofo,relative,,,false,false,,,,"Usually only used to describe things like thick blankets, pillows, cushions and soft furnishings."
189,alcohol,utywala,noun,,,false,false,,,Ubu,
190,remind,khumbuza,verb,,ukukhumbuza,false,false,transitive-only,,,
191,carry,phatha,verb,,ukuphatha,false,true,transitive-only,,,"""phatha"" takes an irregular recent-past tense and stative form of ""phethe""."
192,virus,intsholongwane,noun,,,false,false,,,In,
193,register,bhalisa,verb,,ukubhalisa,false,false,either,,,
194,emphasise,gxininisa,verb,,ukugxininisa,false,false,transitive-only,,,
195,become angry,qumba,verb,,ukuqumba,false,true,intransitive,,,
196,suck,munca,verb,,ukumunca,false,false,transitive-only,,,
197,wash,hlamba,verb,,ukuhlamba,false,false,either,,,Note:  the borrowed word vasa is also used for wash
198,sleep,ubuthongo,noun,,,false,false,,,Ubu,
199,rest,phumla,verb,,ukuphumla,false,false,intransitive,,,
200,repeat,phinda,verb,,ukuphinda,false,false,,,,
201,body,umzimba,noun,,,false,false,,,Class3Um,
202,hands,izandla,noun,,,true,false,,,Izi,
203,hide,fihla,verb,,ukufihla,false,false,either,,,
204,mould,xonxa,verb,,ukuxonxa,false,false,,,,
205,dish,isitya,noun,,,false,false,,,Isi,
206,pay attention,hoya,verb,,ukuhoya,false,false,either,,,
207,ashes,uthuthu,noun,,,false,false,,,Ulu,
208,produce,velisa,verb,,ukuvelisa,false,false,,,,
209,take,thatha,verb,,ukuthatha,false,false,transitive-only,,,
210,return,buya,verb,,ukubuya,false,false,intransitive,,,
211,shout,khwaza,verb,,ukukhwaza,false,false,,,,
212,sit,hlala,verb,,ukuhlala,false,true,intransitive,,,"Note that ""sitting"" is translated as ""hleli"", as this is the irregular stative form of ""hlala""."
213,run,baleka,verb,,ukubaleka,false,false,intransitive,,,
214,stay behind,sala,verb,,ukusala,false,false,intransitive,,,"""Sala kakuhle"" can be used to mean ""goodbye"" to someone who will be staying where they are."
215,shout,shawuta,verb,,ukushawuta,false,false,,,,
216,sell,thengisa,verb,,ukuthengisa,false,false,,,,
217,take out,khupha,verb,,ukukhupha,false,false,transitive-only,,,
218,throw,jula,verb,,ukujula,false,false,either,,,
219,service,inkonzo,noun,,,false,false,,,In,
220,finish,gqiba,verb,,ukugqiba,false,false,either,,,
221,teach,fundisa,verb,,ukufundisa,false,false,,,,
222,think,cinga,verb,,ukucinga,false,false,,,,
223,hope,ithemba,noun,,,false,false,,,Ili,
224,coffee,ikofu,noun,,,false,false,,,In,
226,bring back,buyisa,verb,,ukubuyisa,false,false,transitive-only,,,"Also used in the sense of ""return something or someone to a place"""
227,send,thuma,verb,,ukuthuma,false,false,either,,,"Note: send something or someone to a place will be ""thumela"".  In Xhosa ""thuma"" is often used when someone is sending someone to the shop and then is used simply as ""thuma"""
228,smile,ncuma,verb,,ukuncuma,false,true,intransitive,,,"""Smiling"" is normally translated as ""ncumile"""
229,speak,thetha,verb,,ukuthetha,false,false,either,,,
230,stand up,phakama,verb,,ukuphakama,false,false,,,,
231,support,xhasa,verb,,ukuxhasa,false,false,,,,
232,take to,sa,verb,,ukusa,false,false,transitive-only,,,"This word is used to describe taking someone/something to a place. Note in the perfect tense form it is sometimes difficult to see the verb as it so short, particularily if there is an object concord as well, e.g. Bamsile kwagqirha? - ba-m-s-ile ""Have they taken her to the doctor?"""
233,understand,qonda,verb,,ukuqonda,false,false,either,,,
234,urinate,chama,verb,,ukuchama,false,false,,,,
235,use,sebenzisa,verb,,ukusebenzisa,false,false,,,,
236,want,funa,verb,,ukufuna,false,false,,,,
237,hope,themba,verb,,ukuthemba,false,false,either,,,
238,work,sebenza,verb,,ukusebenza,false,false,either,,,
239,hear,va,verb,,ukuva,false,false,either,,,
240,understand,va,verb,,ukuva,false,false,either,,,
241,become injured,enzakala,verb,,ukwenzakala,false,true,intransitive,,,"An alternative form is ""onzakala"""
242,injure,enzakalisa,verb,,ukwenzakalisa,false,false,transitive-only,,,
243,better,ngcono,relative,,,false,false,,,,
244,jump,tsiba,verb,,ukutsiba,false,false,,,,
245,kill,bulala,verb,,ukubulala,false,false,either,,,"Note that ""bulala"" takes the irregular passive form of ""bulawa""."
246,know,azi,verb,,ukwazi,false,false,either,,,"Azi is commonly used in the construction ""know how to"" as ""kwazi uku"", very often used with object concords"
247,read,funda,verb,,ukufunda,false,false,,,,
248,go,hamba,verb,,ukuhamba,false,false,intransitive,,,"Hamba does not describe the act of going to a location, it refers to the act of going in general."
249,leave,(i)mka,verb,,ukumka,false,false,either,,,"""mka"" is a latent-i verb.  This verb is used generally to indicate ""depart""/""depart from"""
250,leave,shiya,verb,,ukushiya,false,false,,,,
251,lie down,ngqengqa,verb,,ukungqengqa,false,false,intransitive,,,
252,like,thanda,verb,,ukuthanda,false,false,transitive-only,,,"""thanda"" can be used to indicate something that happens often, or a tendency."
253,lie,xoka,verb,,ukuxoka,false,false,intransitive,,,"""xoka"" can be rather rude, especially if used to an older person or someone commanding respect. A more euphemistic phrasing is ""phosisa""."
254,look,jonga,verb,,ukujonga,false,false,,,,
255,move,fudukela,verb,,ukufudukela,false,false,intransitive,,,"Fudukela describes a person moving from one place to another such as moving city, or moving house."
256,move,bekelisa,verb,,ukubekelisa,false,false,transitive-only,,,"""bekelisa"" should not be used for a person moving houses, for instance - ""fudukela"" should be used instead. Bekelisa is often used to mean ""move out of the way""."
257,need,funa,verb,,ukufuna,false,false,transitive-only,,,
258,need,dinga,verb,,ukudinga,false,false,either,,,"This is a more serious kind of need than ""funa""."
259,pay,bhatala,verb,,ukubhatala,false,false,either,,,
260,prepare,lungiselela,verb,,ukulungiselela,false,false,transitive-only,,,
261,press,cofa,verb,,cofa,false,false,transitive-only,,,
262,push,tyhala,verb,,ukutyala,false,false,,,,
263,put in,faka,verb,,ukufaka,false,false,,,,
264,pull,tsala,verb,,ukutsala,false,false,,,,
265,put,beka,verb,,ukubeka,false,false,either,,,"Used when translating ""put on"" as in ""put the books on the table"""
266,hide,zimela,verb,,ukuzimela,false,true,intransitive,,,
267,hold,bamba,verb,,ukubamba,false,false,,,,
268,listen,mamela,verb,,ukumamela,false,true,either,,,
269,move,shukumisa,verb,,ukushukumisa,false,false,transitive-only,,,
270,move,shukuma,verb,,ukushukuma,false,false,intransitive,,,
271,live,phila,verb,,ukuphila,false,false,intransitive,,,"The word ""phila"" should not be used to mean ""live somewhere"", ""hlala"" should be used instead. It is more similar to ""be well"". The word ""phila"" is an inchoative verb, so it can be used in the perfect tense when meaning ""well"".  When meaning ""alive"" it is used in the present tense, usually with the progressive aspect -sa-."
272,live,hlala,verb,,ukuhlala,false,false,,,,"""hlala"" is used for ""live somewhere"", not to live as in to be alive or be well - ""phila"" should instead be used in that case."
273,happen,enzeka,verb,,ukwenzeka,false,false,intransitive,,,"""enzeka"" is sometimes used in the construction ""into eyenzekayo"" (""the thing that happens"") which can be used at the beginning of a sentence to introduce new information, similar to the English construction ""What happens is that..."" "
274,meet,dibana,verb,,ukudibana,false,false,intransitive,,,
275,lie,phosisa,verb,,ukuphosisa,false,false,,,,"""phosisa"" is a respectful, euphemistic way to say ""lie""."
276,plant,tyala,verb,,ukutyala,false,false,,,,
277,plants,izityalo,noun,,,true,false,,,Izi,
278,notice,qaphela,verb,,ukuqaphela,false,false,either,,,
279,potato,itapile,noun,,,false,false,,,In,
280,pineapple,ipayina,noun,,,false,false,,,Ili,
281,pineapples,amapayina,noun,,,true,false,,,Ama,
282,local government,urhulumente wengingqi,noun,,,false,false,,,U,"""Urhulumente wasekhaya"" is also used for ""local government""."
283,local governments,oorhulumente beengingqi,noun,,,true,false,,,Oo,
284,municipal council,iBhunga likaMasipala,noun,,,false,false,,,Ili,
285,day,usuku,noun,,,false,false,,,Ulu,"""usuku"" refers to 24-hour day"
286,today,namhlanje,adverb,,,false,false,,,,
287,days,iintsuku,noun,,,true,false,,,Izin,"""iintsuku"" refers to 24-hour periods"
288,court,inkundla,noun,,,false,false,,,In,
289,potatoes,iitapile,noun,,,true,false,,,Izin,
290,yesterday,izolo,noun,,,false,false,,,Ili,
291,day before yesterday,izolo elinye,noun,,,false,false,,,Ili,
292,pumpkin,ithanga,noun,íthanga,,false,false,,,Ili,
293,pumpkins,amathanga,noun,ámáthanga,,true,false,,,Ama,
294,rice,irayisi,noun,,,false,false,,,In,
295,courts,iinkundla,noun,,,true,false,,,Ili,
296,spinach,ispinatshi,noun,,,false,false,,,In,"Sometimes used as a noun in the isi- group, e.g. ""Simnandi esi spinatshi."" ""This spinach is nice."""
297,Supreme Court of Appeal,INkundla ePhezulu yeziBheno,noun,,,false,false,,,In,
298,Constitutional Court,INkundla yezomGaqo-siseko,noun,,,false,false,,,In,
299,municipal councils,amaBhunga ooMasipala,noun,,,true,false,,,Ama,
300,High Court,INkundla ePhakamileyo,noun,,,false,false,,,In,
301,tomato,itumato,noun,,,false,false,,,In,
302,wild berry,iqunube,noun,,,false,false,,,Ili,
303,Small Claims Court,INkundla yamaBango amaNcinci,noun,,,false,false,,,In,
304,watermelon,ivatala,noun,,,false,false,,,In,
305,Magistrate's Court,INkundla kaMantyi,noun,,,false,false,,,In,
306,tomorrow,ngomso,adverb,,,false,false,,,,
307,watermelons,iivatala,noun,,,false,false,,,Izin,
308,weekend,impelaveki,noun,,,false,false,,,In,
309,ingredient,isithako,noun,,,false,false,,,Isi,
310,tomatoes,iitumato,noun,,,true,false,,,Izin,
311,appeal,isibheno,noun,,,false,false,,,Isi,
312,weekends,iimpelaveki,noun,,,true,false,,,Izin,
313,application for bail,isicelo sebheyile,noun,,,false,false,,,Isi,
314,early in the morning,kwakusasa,adverb,,,false,false,,,,
315,wild berries,amaqunube,noun,,,true,false,,,Ama,
316,aeroplane,inqwelomoya,noun,,,false,false,,,In,Most people use i-eropleyini for aeroplane.
317,accused,ummangalelwa,noun,,,false,false,,,Class1Um,
318,accused,abamangalelwa,noun,,,true,false,,,Aba,
319,appeals,izibheno,noun,,,true,false,,,Izin,
320,ingredients,izithako,noun,,,true,false,,,Izin,
321,bicycles,iibhayisekile,noun,,,true,false,,,Izin,
322,bail,ibheyile,noun,,,false,false,,,In,
323,bicycle,ibhayisekile,noun,,,false,false,,,In,
324,wagon,inqwelo,noun,,,false,false,,,In,
325,armed robbery,ukuphanga kuxhotyiwe,noun,,,false,false,,,Uku,"Literally translates ""to rob, being armed"".  Ukuxhoba is ""to arm"" and ukuxhotywa is ""to be armed"" -iwe is the stative suffix ""kuxhotyiwe"" translates ""being armed"""
326,aeroplanes,iinqwelomoya,noun,,,true,false,,,Izin,
327,applications for bail,izicelo zebheyile,noun,,,true,false,,,Izin,
328,case,ityala,noun,,,false,false,,,Ili,Legal case
329,wagons,iinqwelo,noun,,,true,false,,,Izin,
330,days,iimini,noun,,,true,false,,,Izin,"""iimini"" refers to 12-hour days."
331,day,imini,noun,,,false,false,,,In,"""imini"" refers to the 12-hour day."
332,at dawn,ekuseni,adverb,,,false,false,,,,
333,in the morning,kusasa,adverb,,,false,false,,,,
334,sunrise,ukuphuma kwelanga,noun,,,false,false,,,Uku,
335,late in the morning,ngentlazane,adverb,,,false,false,,,,
336,night,ubusuku,noun,,,false,false,,,Ubu,
337,moon,inyanga,noun,,,false,false,,,In,
338,cases,amatyala,noun,,,true,false,,,Ama,Legal cases
339,cell,isisele,noun,,,false,false,,,Isi,"""isele"" refers to a jail cell."
340,suns,amalanga,noun,,,true,false,,,Ama,
341,boat,isikhitshana,noun,,,false,false,,,Isi,
342,boats,izikhitshana,noun,,,true,false,,,Izi,
343,ship,isikhephe,noun,,,false,false,,,Isi,
344,ships,izikhephe,noun,,,true,false,,,Izi,
345,promise,thembisa,verb,,ukuthembisa,false,false,either,,,
346,cells,izisele,noun,,,true,false,,,Izin,Jail cells
347,charge,isityholo,noun,,,false,false,,,Isi,Legal charge
348,bus,ibhasi,noun,,,false,false,,,In,
349,charges,izityholo,noun,,,true,false,,,Izin,
350,buses,iibhasi,noun,,,true,false,,,Izin,
351,preparations,amalungiselelo,noun,,,true,false,,,Ama,
352,traditional doctor,igqirha,noun,,,true,false,,,Ili,
353,complaint,isikhalazo,noun,,,false,false,,,Isi,
354,complaints,izikhalazo,noun,,,false,false,,,Izin,
355,doctor,ugqirha,noun,,,false,false,,,U,"""ugqirha"" can be used to refer to a medical doctor or someone who got their doctorate in academia."
356,doctors,oogqirha,noun,,,true,false,,,Oo,"""oogqirha"" can be used to refer to medical doctors or people who got their doctorate in academia."
357,corruption,urhwaphilizo,noun,,,false,false,,,Ulu,
358,death penalty,isigwebo sentambo,noun,,,false,false,,,Isi,
359,strike,gwayimba,verb,,ukugwayimba,false,false,intransitive,,,"""gwayimba"" is used to describe the act of refusing to work due to unfavourable working conditions/pay."
360,evidence,ubungqina,noun,,,false,false,,,Ubu,
361,drug,isiyobisi,noun,,,false,false,,,Isi,
362,crane,isilenge,noun,,,false,false,,,Isi,"""isilenge"" is used to refer to a crane which is a machine used in construction."
363,defendants,abamangalelwa,noun,,,true,false,,,Ama,
364,izilenge,cranes,noun,,,true,false,,,Izi,"""izilenge"" is used to refer to cranes which are machines used in construction."
365,defendant,ummangalelwa,noun,,,false,false,,,Class1Um,
366,plaintiff,ummangali,noun,,,false,false,,,Class1Um,
367,plaintiffs,abamangali,noun,,,true,false,,,Aba,
368,traditional doctors,amagqirha,noun,,,true,false,,,Ama,
369,fish,iintlanzi,noun,,,true,false,,,Izin,
370,cable car,ikhetshi,noun,,,false,false,,,In,
371,crime,ubugebenga,noun,,,false,false,,,Ubu,
372,drugs,iziyobisi,noun,,,true,false,,,Izi,
373,fine,isihlawuliso,noun,,,false,false,,,Isi,Monetary fine
374,van,iveni,noun,,,false,false,,,In,
375,dock,umkhumbi,noun,,,false,false,,,Class3Um,Court dock
376,helicopter,ihelikhopta,noun,,,false,false,,,In,
377,motorbikes,izithuthuthu,noun,,,true,false,,,Izi,
378,fines,izihlawuliso,noun,,,true,false,,,Izin,Monetary fine
379,fines,imidliwo,noun,,,true,false,,,Imi,Monetary fines
380,fraud,urhwaphilizo,noun,,,false,false,,,Ulu,
381,motorbike,isithuthuthu,noun,,,false,false,,,Isi,
382,fish,loba,verb,,ukuloba,false,false,either,,,
383,public transport,isithuthi sikawonke-wonke,noun,,,false,false,,,Isi,
384,helicopters,iihelikhopta,noun,,,true,false,,,Izin,
385,mugger,umphangi,noun,,,false,false,,,Class1Um,
386,passengers,abakhweli,noun,,,true,false,,,Aba,
387,fine,umdliwo,noun,,,false,false,,,Class3Um,Monetary fine.
388,perpetrator,isikrelemnqa,noun,,,false,false,,,Isi,
389,passenger,umkhweli,noun,,,false,false,,,Class1Um,
390,perpetrators,izikrelemnqa,noun,,,false,false,,,Izin,
391,ship,inqanawe,noun,,,false,false,,,In,
392,vans,iiveni ,noun,,,true,false,,,Izin,
393,muggers,abaphangi,noun,,,true,false,,,Aba,
394,ships,iinqanawe,noun,,,true,false,,,Izin,
395,famine,indlala,noun,,,false,false,,,In,
396,guilt,ityala,noun,,,false,false,,,In,
397,midday,imini emaqanda,noun,,,false,false,,,In,
398,in the afternoon,emva kwemini,adverb,,,false,false,,,,
399,[in] the afternoon,emalanga,adverb,,,false,false,,,,"This word can also just indicate ""in the afternoons"" with a more general sense."
400,set,tshona,verb,,ukutshona,false,false,intransitive,,,"""tshona"" refers to the setting of the sun."
401,exit,phuma,verb,,ukuphuma,false,false,intransitive,,,
402,rise,phuma,verb,,ukuphuma,false,false,intransitive,,,"""phuma"" refers to the sun rising."
403,vehicle,isithuthi,noun,,,false,false,,,Isi,
404,vehicles,izithuthi,noun,,,true,false,,,Izin,
405,at sunset,matshona,adverb,,,false,false,,,,
406,fish,intlanzi,noun,,,false,false,,,In,
407,space ship,isipheke-pheke,noun,,,false,false,,,Isi,
408,space ships,izipheke-pheke,noun,,,true,false,,,Izi,
409,tricks,amaqhinga,noun,,,true,false,,,Ama,
410,trick,iqhinga,noun,,,false,false,,,Ili,
411,before,phambili,preposition,,,false,false,,,,"""phambili"" appears as ""phambi"" when it is modifying something."
412,up,phezulu,preposition,,,false,false,,,,"The -el- verbal extension is often used with verbs that come before ""phezulu"" e.g. Culela phezulu! Sing up!"
413,down,phantsi,preposition,,,false,false,,,,
414,below,phantsi,preposition,,,false,false,,,,
415,chop,canda,verb,,ukucanda,false,false,transitive-only,,,"""canda"" refers to splitting of wood."
416,eat,canda,verb,,ukucanda,false,false,either,,,"Canda is generally used for ""chop"" but can be used informally for ""eat"""
417,pour,galela,verb,,ukugalela,false,false,transitive-only,,,
418,intestine,ulusu,noun,,,false,false,,,Ulu,
419,skin,ulusu,noun,,,false,false,,,Ulu,"These days many Xhosa speakers just use the borrowed word ""iskin"" using it as a noun in the isi- group, e.g. ""Sihle iskin sakho."" ""Your skin is beautiful."""
420,cut,ncwela,verb,,ukuncwela,false,false,transitive-only,,,"""ncwela"" can be used to refer to cutting paper or leather into smaller strips, or even stripping/trimming a plant. Informally ""ncwela"" can be used for ""bribe""."
421,bully,ncwela,verb,,ukuncwela,false,false,transitive-only,,,Informal.
422,walk,hamba,verb,,ukuhamba,false,false,intransitive,,,
423,home,idlala,noun,,,false,false,,,Ili,Informal.
424,brother,umnakwethu,noun,,,false,false,,,Class1Um,Used to refer to your brother regardless of whether they are younger or older.
425,younger brother,umninawa,noun,,,false,false,,,Class1Um,Only used when referring to your younger brother
426,no,hayi,interjection,,,false,false,,,,
427,yes,ewe,interjection,,,false,false,,,,
428,language,ulwimi,noun,,,false,false,,,Ulu,
429,languages,iilwimi,noun,,,true,false,,,Izin,
430,face,ubuso,noun,,,false,false,,,Ubu,
431,car,ihashe,noun,,,false,false,,,Ili,Informal.
432,horse,ihashe,noun,,,false,false,,,Ili,
433,silo,idlala,noun,,,false,false,,,Ili,Standard meaning.
434,Cape Town,iKapa,noun,,,false,false,,,Ili,
435,if,ukuba,conjunction,,,false,false,,indicative mood,,
436,across,phesheya,preposition,,,false,false,,,,
437,there,phaya,preposition,,,false,false,,,,"""phaya"" is used to refer to something far away."
438,there,apho,preposition,,,false,false,,,,
439,here,apha,preposition,,,false,false,,,,
440,in the evening,ngorhatya,adverb,,,false,false,,,,
441,but,kodwa,conjunction,,,false,false,,indicative mood,,
442,country,ilizwe,noun,,,false,false,,,Ili,
443,money,imali,noun,,,false,false,,,Izin,
444,probably,kungenzeka,adverb,,,false,false,,,,"""kungenzeka"" translates directly as ""it can happen"" or ""it can be doable"" and is often followed by ""ukuba""."
445,almost,phantse,adverb,,,false,false,,indicative mood,,
446,effect,ifuthe,noun,,,false,false,,,Ili,"Also has the sense of ""impact""."
447,effects,amafuthe,noun,,,true,false,,,Ama,
448,oil,amafutha,noun,,,false,false,,,Ama,"These days most people use ""i-oyile"" for ""oil""."
449,become lost,lahleka,verb,,ukulahleka,false,true,intransitive,,,"This is used to say ""I have lost something"" by putting it in the passive voice. See the first example."
450,dump,lahla,verb,,ukulahla,false,false,either,,,
451,war,imfazwe,noun,,,false,false,,,In,
452,above,phezulu,preposition,,,false,false,,,,"""phezulu"" appears as ""phezu"" when used before a noun to mean above/ on top of it."
453,tin can,inkonxa,noun,,,false,false,,,In,Refers to any tin can
454,sour milk,amasi,noun,,,false,false,,,Ama,
455,first,ukuqala,noun,,,false,false,,,Uku,"Although, ""ukuqala"" is just the infinitive of ""qala"" meaning ""start"", it is used to mean ""first"" and is preceded by a possessive concord."
456,minute,umzuzu,noun,,,false,false,,,Class3Um,
457,minutes,imizuzu,noun,,,true,false,,,Imi,
458,hour,iyure,noun,,,false,false,,,In,
459,second,umzuzwana,noun,,,false,false,,,Class3Um,
460,seconds,imizuzwana,noun,,,true,false,,,Imi,
461,hours,iiyure,noun,,,true,false,,,Izin,
462,second,isibini,noun,,,false,false,,,Isi,
463,society,uluntu,noun,,,false,false,,,Ulu,
464,clap,qhwaba,verb,,ukuqhwaba,false,false,either,,,
465,services,iinkonzo,noun,,,true,false,,,Izin,
466,community,uluntu,noun,,,false,false,,,Ulu,
467,come ,(i)za,verb,,ukuza,false,false,either,,,"""(i)za"" is a latent i verb."
468,slap,qhwaba,verb,,ukuqhwaba,false,false,either,,,
469,pastor,umfundisi,noun,,,false,false,,,Class1Um,
470,bin,umgqomo,noun,,,false,false,,,Class3Um,
471,ever,kha,verb,,ukukha,false,false,intransitive,,,An auxiliary verb followed by the present subjunctive or the past subjunctive
472,remain,sala,verb,,ukusala,false,false,either,,,
474,mine,umgodi,noun,,,false,false,,,Class3Um,
475,person,umntu,noun,,,false,false,,,Class1Um,
476,although,noxa,conjunction,,,false,false,,participial mood,,
477,talk,thetha,verb,,ukuthetha,false,false,either,,,
478,other,mbi,relative,,,false,false,,,,"""mbi"" takes the object concord for all noun classes except 1a and 2a (which take ""wu""). The initial vowel of the noun preceding ""mbi"" is dropped."
479,another,mbi,adverb,,,false,false,,,,"""mbi"" takes the object concord for all noun classes except 1a and 2a (which take ""wu""). The initial vowel of the noun preceding ""mbi"" is dropped."
480,people,abantu,noun,,,true,false,,,Aba,
481,condition,imo,noun,,,false,false,,,In,
482,situation,imeko,noun,,,false,false,,,Izin,
483,shape,imo,noun,,,false,false,,,In,
484,form,imo,noun,,,false,false,,,In,
485,president,umongameli,noun,,,false,false,,,U,
486,archbishop,umongameli,noun,,,false,false,,,U,
487,girl,intombi,noun,,,false,false,,,In,
488,"lady, female",inenekazi,noun,,,false,false,,,Ili,
489,lot,ninzi,adjective,,,false,false,,,,
490,dream,iphupha,noun,,,false,false,,,Ili,
491,recently,mva nje,adverb,,,false,false,,,,
492,ways,iindlela,noun,,,true,false,,,Izin,
493,roads,iindlela,noun,,,true,false,,,Izin,
494,road,indlela,noun,,,false,false,,,In,
495,way,indlela,noun,,,false,false,,,In,
496,home,ikhaya,noun,,,false,false,,,Ili,
497,many,ninzi,adjective,,,false,false,,,,
498,man,indoda,noun,,,false,false,,,In,"The word ""utata"" is often used to refer to any man these days, not just to a ""father""."
499,woman,umfazi,noun,,,false,false,,,Class1Um,
500,mister,umnumzana,noun,,,false,false,,,Class1Um,
501,mister,umhlekazi,noun,,,false,false,,,Class1Um,"""Mhlekazi"" is a respectful term of address for a man who is middle aged or older."
502,can,nakho,verb,,ukuba nakho,false,false,either,,,
503,can,kwazi uku-,verb,,ukukwazi,false,false,either,,,"Sometimes the initial vowel of ""uku-"" is dropped in the negative.

It means can in the sense of ""be able to""."
504,time,ixesha,noun,,,false,false,,,Ili,
505,times,amaxesha,noun,,,true,false,,,Ama,
506,year,unyaka,noun,,,false,false,,,Class3Um,Although this noun is in the UM- group the M of the prefix has been dropped.
507,women,abafazi,noun,,,true,false,,,Aba,
508,men,amadoda,noun,,,true,false,,,Ama,
509,years,iminyaka,noun,,,true,false,,,Imi,
510,other,nye,adjective,,,false,false,,,,
511,outside,phandle,preposition,,,false,false,,,,"Also sometimes ""ngaphandle""."
512,between,phakathi,preposition,,,false,false,,,,"""phakathi"" is followed by ""kwa"" when it is used to mean ""between"""
513,inside,phakathi,preposition,,,false,false,,,,"""phakathi"" is followed by the locative when taken to mean ""inside"""
514,after,emva,preposition,,,false,false,,,,"After doing something very often used with kwa-infinitive --> koku-, e.g. emva kokuthetha naye - after speaking with him/her"
515,in front,phambili,preposition,,,false,false,,,,"""phambili"" appears as ""phambi"" when it is modifying something."
516,forward,phambili,preposition,,,false,false,,,,
517,behind,emva,preposition,,,false,false,,,,
518,sides,amacala,noun,,,true,false,,,Ama,
519,next to,ecaleni,preposition,,,false,false,,,,
520,on the right,ekunene,preposition,,,false,false,,,,"Many Xhosa speakers now just say ""ngaseright"" for ""on/to the right"""
521,on the left,ekhohlo,preposition,,,false,false,,,,"Many Xhosa speakers just say ""ngaseleft"" for ""on/to the left"""
522,some,nye,adjective,,,false,false,,,,
523,so that,ukuze,conjunction,,,false,false,,subjunctive mood,,
524,that,ukuba,conjunction,,,false,false,,,,
525,take,thabatha,verb,,ukuthabatha,false,false,transitive-only,,,"""thabatha"" has the same meaning as ""thatha"". It is mostly a matter of preference."
526,get,fumana,verb,,ukufumana,false,true,transitive-only,,,
527,bring,zisa,verb,,ukuzisa,false,false,transitive-only,,,
528,just,qha,adverb,,,false,false,,,,
529,only,kuphela,adverb,,,false,false,,,,
530,now,ngoku,adverb,,,false,false,,,,
531,and also,kwaye,conjunction,,,false,false,,indicative mood,,
532,dream,phupha,verb,,ukuphupha,false,false,either,,,
533,what?,ntoni?,relative,,,false,false,,,,
534,always,okokoko,adverb,,,false,false,,,,Nice explanation on https://www.capetalk.co.za/podcasts/294/breakfast-with-refilwe-moloto/374210/everyday-xhosa-okokoko
535,always,soloko,verb,,ukusoloko,false,false,intransitive,participial mood,,"""soloko"" is an auxiliary verb"
536,bins,imigqomo,noun,,,true,false,,,Imi,
537,history,imbali,noun,,,false,false,,,In,
538,culture,inkcubeko,noun,,,false,false,,,In,
539,allow,vumela,verb,,ukuvumela,false,false,transitive-only,,,
540,religion,inkolo,noun,,,false,false,,,In,
541,be like,fana,verb,,ukufana,false,false,intransitive,,,"Often followed by na-, Compare  ""Bayafana"" ""They are alike"" with ""Bafana nathi"" ""They are like us"". "
542,where?,phi?,relative,,,false,false,,,,
543,health,impilo,noun,,,false,false,,,In,
544,life,ubomi,noun,,,false,false,,,Ubu,
545,life,impilo,noun,,,false,false,,,In,
546,how?,njani?,relative,,,false,false,,,,
547,nice,mnandi,relative,,,false,false,,,,
548,well,kakuhle,adverb,,,false,false,,,,
549,world,umhlaba,noun,,,false,false,,,Class3Um,
550,homestead,umzi,noun,,,false,false,,,Class3Um,
551,house,indlu,noun,,,false,false,,,In,
552,houses,izindlu,noun,,,true,false,,,Izin,
553,because,kuba,conjunction,,,false,false,,indicative mood,,
554,school,isikolo,noun,,,false,false,,,Isi,"""isikolo"" can also be used to mean ""university""."
555,university,iyunivesithi,noun,,,false,false,,,In,
556,study,funda,verb,,ukufunda,false,false,either,,,
557,universities,iiyunivesithi,noun,,,true,false,,,Izin,
558,schools,izikolo,noun,,,true,false,,,Izin,
559,child,umntwana,noun,,,false,false,,,Class1Um,
560,children,abantwana,noun,,,true,false,,,Aba,
561,feel,va,verb,,ukuva,false,false,either,,,"The verb ""va"" when used to translate ""feel"" is usually used with the reflexive object concord -zi-"
562,problems,iingxaki,noun,,,true,false,,,Izin,
563,earth,umhlaba,noun,,,false,false,,,Class3Um,"Similar to ""ground"" or ""soil"""
564,place,indawo,noun,,,false,false,,,In,
565,places,iindawo,noun,,,true,false,,,Izin,
566,few,mbalwa,relative,,,false,false,,,,
567,turn,jika,verb,,ukujika,false,false,intransitive,,,
568,straight,ngqo,preposition,,,false,false,,,,
569,throw water,chitha,verb,,ukuchitha,false,false,either,,,
570,spend,chitha,verb,,ukuchitha,false,false,either,,,
571,weak,buthathaka,relative,,,false,false,,,,
572,world,ihlabathi,noun,,,false,false,,,Ili,
573,friend,umhlobo,noun,,,false,false,,,Class1Um,
574,twin,iwele,noun,,,false,false,,,Ili,
575,waterfalls,iingxangxasi,noun,,,true,false,,,Izin,
576,extract,caphula,verb,,ukucaphula,false,false,transitive-only,,,
577,homes,amakhaya,noun,,,true,false,,,Ama,
578,waterfall,ingxangxasi,noun,,,false,false,,,In,
579,while,logama,conjunction,,,false,false,,participial mood,,
580,another,nye,adjective,,,false,false,,,,
581,side,icala,noun,,,false,false,,,Ili,
582,destroy,chitha,verb,,ukuchitha,false,false,either,,,
583,problem,ingxaki,noun,,,false,false,,,In,
584,homesteads,imizi,noun,,,true,false,,,Imi,
585,month,inyanga,noun,,,false,false,,,Izin,
586,week,iveki,noun,,,false,false,,,Izin,
587,terms,imimiselo,noun,,,true,false,,,Imi,
588,conditions,imiqathango,noun,,,true,false,,,Imi,
589,husband,umyeni,noun,,,false,false,,,Class1Um,
590,wife,umfazi,noun,,,false,false,,,Class1Um,
591,power,amandla,noun,,,false,false,,,Ama,
592,terms and conditions,imimiselo nemiqathango,noun,,,true,false,,,Imi,
593,energy,amandla,noun,,,false,false,,,Ama,
595,weeks,iiveki,noun,,,true,false,,,Izin,
596,phone,umnxeba,noun,,,false,false,,,U,"It also refers to the land-line.  Most people use ""ifoni""."
597,radio,unomathotholo,noun,,,false,false,,,U,
598,river,umlambo,noun,,,false,false,,,Class3Um,
599,pen,usiba,noun,,,false,false,,,Ulu,
600,pens,iintsiba,noun,,,true,false,,,Izin,
601,feather,usiba,noun,,,false,false,,,Ulu,
602,feathers,iintsiba,noun,,,true,false,,,Izin,
603,heart,intliziyo,noun,,,false,false,,,In,
604,beach,ulwandle,noun,,,false,false,,,Ulu,"While ulwandle does not specifically mean beach, it is commonly used to refer to a beach."
605,hello,molo,interjection,,,false,false,,,,"""Molo"" is only used to say ""hello"" to ONE person.  "
606,goodbye,sala kakuhle,interjection,,,false,false,,,,"Sala kakuhle is said to someone who is staying where they are, if you are the one leaving.  It can only be used when addressing one person, otherwise use salani kakuhle."
607,hello,molweni,interjection,,,true,false,,,,Used when addressing two or more people.
608,goodbye,hamba kakuhle,interjection,,,false,false,,,,hamba kakuhle is said to someone who is leaving. Can only be used to address ONE person.
609,underneath,ngaphantsi,preposition,,,false,false,,,,
610,sea,ulwandle,noun,,,false,false,,,Ulu,
611,rivers,imilambo,noun,,,true,false,,,Imi,
612,pastors,abefundisi,noun,,,true,false,,,Aba,
613,on the left,ekunxele,preposition,,,false,false,,,,
614,arm,ingalo,noun,,,false,false,,,In,
615,afraid,oyika,verb,,ukoyika,false,false,either,,,
616,peace,uxolo,noun,,,false,false,,,Ulu,
617,today,namhla,adverb,,,false,false,,,,
618,farm ,amasimi,noun,,,false,false,,,Ama,"Some  Xhosa speakers use ""amasimi"" ""fields"" to refer to a ""farm""."
619,sorry,uxolo,interjection,,,false,false,,,,
620,noise,ingxolo,noun,,,false,false,,,In,
621,anywhere,naphi na,adverb,,,false,false,,,,
622,anyone,nabani na,noun,,,false,false,,,U,indefinite pronoun
623,beauty,ubuhle,noun,,,false,false,,,Ubu,
624,bag,ibhegi,noun,,,false,false,,,In,
625,stop,yeka,verb,,ukuyeka,false,false,transitive-only,,,
626,floor,umgangatho,noun,,,false,false,,,Class3Um,
627,turn on,layita,verb,,ukulayita,false,false,transitive-only,,,
628,be happy,vuya,verb,,ukuvuya,false,false,either,,,
629,backward,umva,preposition,,,false,false,,,,
630,coast,unxweme,noun,,,false,false,,,Ulu,
631,hand,ingalo,noun,,,false,false,,,In,"Sometimes Xhosa speakers use ""ingalo"" to refer to ""isandla"" ""hand""."
632,arms,iingalo,noun,,,true,false,,,Izin,
633,hands,iingalo,noun,,,true,false,,,Izin,"Sometimes Xhosa speakers use ""iingalo"" (arms) to refer to ""izandla"" (hands)."
634,make noise,ngxola,verb,,ukungxola,false,false,intransitive,,,
635,field,intsimi,noun,,,false,false,,,In,
636,fields,amasimi,noun,,,true,false,,,Ama,
637,become OK,lunga,verb,,ukulunga,false,true,intransitive,,,
638,turn off,cima,verb,,ukucima,false,false,transitive-only,,,
639,be sick,gula,verb,gúlá,ukugula,false,false,intransitive,,,
640,become hungry,lamba,verb,,ukulamba,false,true,intransitive,,,
641,spine,umqolo,noun,,,false,false,,,Class3Um,
642,serve,phaka,verb,,ukuphaka,false,false,either,,,
643,at the back,ngasemva,preposition,,,false,false,,,,
644,food,ukutya,noun,,,false,false,,,Uku,
645,music,umculo,noun,,,false,false,,,Class3Um,
646,firstly,okukuqala,adverb,,,false,false,,,,
647,comfort,thuthuzela,verb,,ukuthuthuzela,false,false,either,,,
648,extinguish,cima,verb,,ukucima,false,false,transitive-only,,,
649,light,layita,verb,,ukulayita,false,false,transitive-only,,,
650,beginning,isiqalo,noun,,,false,false,,,Isi,
651,in the beginning,ekuqaleni,preposition,,,false,false,,,,
652,light,isibane,noun,,,false,false,,,Isi,
653,lights,izibane,noun,,,true,false,,,Izi,
654,student,umfundi,noun,,,false,false,,,Class1Um,
655,students,abafundi,noun,,,true,false,,,Aba,
656,in the end,ekugqibeleni,preposition,,,false,false,,,,
657,finally,ekugqibeleni,adverb,,,false,false,,,,
658,bad,bi,adjective,,,false,false,,,,You will need a prefix that concords with the noun.
659,names,amagama,noun,,,true,false,,,Ama,
660,name,igama,noun,,,false,false,,,Ili,
661,program,inkqubo,noun,,,false,false,,,In,
662,procedure,inkqubo,noun,,,false,false,,,In,
663,countries,amazwe,noun,,,true,false,,,Ama,
664,light,ilitha,noun,,,false,false,,,Ili,
665,districts,izithili,noun,,,true,false,,,Izi,
666,nation,isizwe,noun,,,false,false,,,Isi,
667,district,isithili,noun,,,false,false,,,Isi,
668,fruit,isiqhamo,noun,,,false,false,,,Isi,
669,fruits,iziqhamo,noun,,,true,false,,,Izi,
670,follow,landela,verb,,ukulandela,false,false,either,,,
671,eye,iliso,noun,,,false,false,,,Ili,
672,eyes,amehlo,noun,,,true,false,,,Ama,
673,nations,izizwe,noun,,,true,false,,,Izi,
674,city,isixeko,noun,,,false,false,,,Isi,
675,cities,izixeko,noun,,,true,false,,,Izi,
676,area,ingingqi,noun,,,false,false,,,In,This refers to a geographical area.
677,area,umgama,noun,,,false,false,,,Class3Um,"Also used in the sense of ""distance"" as in ""social distance""."
678,region,ummandla,noun,,,false,false,,,Class3Um,
679,letter,incwadi,noun,,,false,false,,,In,"Many Xhosa speakers use ""ileta""."
680,regions,imimandla,noun,,,true,false,,,Class3Um,
681,vegetable,umfino,noun,,,false,false,,,Class3Um,Xhosa speakers often use 'iveg'.
682,vegetables,imifuno,noun,,,true,false,,,Imi,"Xhosa speakers often use ""amaveg"""
683,lack,swela,verb,,ukuswela,false,false,transitive-only,,,"""swela"" is often used for a more serious kind of lacking"
684,below,ezantsi,preposition,,,false,false,,,,
685,as well as,kunye,conjunction,,,false,false,,indicative mood or 'na',,
686,town,idolophu,noun,,,false,false,,,In,
687,system,inkqubo,noun,,,false,false,,,In,
688,crime,ulwaphulo-mthetho ,noun,,,false,false,,,Ulu,
689,stand,(i)ma,verb,,ukuma,false,true,intransitive,,,
690,stop,(i)ma,verb,,ukuma,false,false,either,,,
691,chair,isitulo,noun,,,false,false,,,Isi,
692,chairs,izitulo,noun,,,true,false,,,Izi,
693,how much,ngakanani,relative,,,false,false,,,,
694,team,iqela,noun,,,false,false,,,Ili,
695,teams,amaqela,noun,,,true,false,,,Ama,
696,group,iqela,noun,,,false,false,,,Ili,
697,groups,amaqela,noun,,,true,false,,,Ama,
698,political party,iqela lezopolitiko,noun,,,false,false,,,Ili,
699,political parties,amaqela ezopolitiko,noun,,,true,false,,,Ama,
700,government,urhulumente,noun,,,false,false,,,U,
701,governments,oorhulumente,noun,,,true,false,,,Oo,
702,head,intloko,noun,,,false,false,,,In,
703,heads,iintloko,noun,,,true,false,,,Izin,
704,room,igumbi,noun,,,false,false,,,Ili,
705,rooms,amagumbi,noun,,,true,false,,,Ama,
706,floors,imigangatho,noun,,,true,false,,,Imi,
707,class,iklasi,noun,,,false,false,,,In,"Note that this does not refer to ""class"" as in ""type""."
708,classes,iiklasi,noun,,,true,false,,,Izin,"Note that this does not refer to ""classes"" as in ""types""."
709,building,isakhiwo,noun,,,false,false,,,Isi,
710,toilet,indlu yangasese,noun,,,false,false,,,In,"Most Xhosa speakers use ""itoyilethi""."
711,buildings,izakhiwo,noun,,,true,false,,,Izi,
712,type,udidi,noun,,,false,false,,,Ulu,
713,types,iindidi,noun,,,true,false,,,Izin,
714,Johannesburg,iGoli,noun,,,false,false,,,Ili,
715,jail,intolongo,noun,,,false,false,,,In,
716,jails,iintolongo,noun,,,true,false,,,Izin,
717,prisoner,umbanjwa,noun,,,false,false,,,Class1Um,
718,prisoners,ababanjwa,noun,,,true,false,,,Aba,
719,goodbye,hambani kakuhle,interjection,,,true,false,,,,
720,goodbye,salani kakuhle,interjection,,,true,false,,,,
721,how many,ngaphi,adjective,,,false,false,,,,
722,however,kambe ke,conjunction,,,false,false,,indicative mood,,
723,end,phela,verb,,ukuphela,false,false,intransitive,,,"""phela"" means more ""run out""  or ""come to an end"" in comparison to ""gqiba"" which is usually used when somebody finishes/completes something."
724,boy,inkwenkwe,noun,,,false,false,,,In,"""ubhuti"" is also used to refer to any boy or young man"
725,boys,amakhwenkwe,noun,,,true,false,,,Ama,
726,why,kutheni,adverb,,,false,false,,participial mood,,
727,water,amanzi,noun,,,false,false,,,Ama,
728,picture,umfanekiso,noun,,,false,false,,,Class3Um,"These days many Xhosa speakers use ""ipicture"""
729,pictures,imifanekiso,noun,,,true,false,,,Imi,
730,question,umbuzo,noun,,,false,false,,,Class3Um,
731,questions,imibuzo,noun,,,true,false,,,Imi,
732,back,umhlana,noun,,,false,false,,,Class3Um,
733,keep,gcina,verb,,ukugcina,false,false,transitive-only,,,
734,catch,bamba,verb,,ukubamba,false,false,either,,,
735,words,amagama,noun,,,true,false,,,Ama,
736,shout,bhomboloza,verb,,ukubhomboloza,false,false,either,,,"""bhomboloza"" describes particularly loud shouting."
737,touch,bamba,verb,,ukubamba,false,false,transitive-only,,,
738,word,igama,noun,,,false,false,,,Ili,
739,tooth,izinyo,noun,,,false,false,,,Ili,
740,become strong,qina,verb,,ukuqina,false,true,either,,,
741,permission,imvume,noun,,,false,false,,,In,
742,department,icandelo,noun,,,false,false,,,Izin,
743,faculty,icandelo,noun,,,false,false,,,Izin,
744,faculties,amacandelo,noun,,,true,false,,,Ama,
745,departments,amacandelo,noun,,,true,false,,,Ama,
746,department,isebe,noun,,,false,false,,,Ili,
747,departments,amasebe,noun,,,true,false,,,Ama,
748,tongue,ulwimi,noun,,,false,false,,,Ulu,
749,teeth,amazinyo,noun,,,true,false,,,Ama,
750,soil,umhlaba,noun,,,false,false,,,Class3Um,
751,stone,ilitye,noun,,,false,false,,,Ili,
752,stones,amatye,noun,,,true,false,,,Ama,
753,brick,isitena,noun,,,false,false,,,Isi,
754,bricks,izitena,noun,,,true,false,,,Izi,
755,ear,indlebe,noun,,,false,false,,,In,
756,ears,iindlebe,noun,,,true,false,,,In,
757,garden,igadi,noun,,,false,false,,,In,
758,cool down,phola,verb,,ukuphola,false,true,intransitive,,,"Can be used for weather ""cooling down/being cool"" as well as for people ""calming down"" or ""being calm"""
759,game,umdlalo,noun,,,false,false,,,Class3Um,
760,decorate,hombisa,verb,,ukuhombisa,false,false,either,,,
761,education,imfundo,noun,,,false,false,,,In,
762,have a birthday,bhafa,verb,,ukubhafa,false,false,intransitive,,,"This is the colloquial use - formal Xhosa uses ""zalwa - be given birth""."
763,blink,qhwanyaza,verb,,ukuqhwanyaza,false,false,either,,,
764,again,ngaphinde,adverb,,,false,false,,,,"Used in the negative, ""don't again"""
765,disappoint,phoxa,verb,,ukuphoxa,false,false,either,,,
766,stomach,isisu,noun,,,false,false,,,Isi,Refers to both a belly and a stomach
767,sneeze,thimla,verb,,ukuthimla,false,false,either,,,
768,foot,unyawo,noun,,,false,false,,,Ulu,
769,feet,iinyawo,noun,,,true,false,,,Izin,
770,become urgent,ngxamiseka,verb,,ukungxamiseka,false,true,intransitive,,,
771,urgently,ngokungxamisekileyo,adverb,,,false,false,,,,
772,books,iincwadi,noun,,,true,false,,,Izin,
773,letters,iincwadi,noun,,,true,false,,,Izin,"Contemporary Xhosa speakers are more likely to use ""iileta"""
774,thank you,enkosi,interjection,,,false,false,,,,
775,thank,bulela,verb,,ukubulela,false,false,either,,,
776,practise,ziqhelisa,verb,,ukuziqhelisa,false,false,transitive-only,,,Usually followed by uku
777,budget,uhlalo lwabiwo mali,noun,,,false,false,,,Ulu,
778,partner,iqabane,noun,,,false,false,,,Ili,
779,partners,amaqabane,noun,,,true,false,,,Ama,
780,comrade,iqabane,noun,,,false,false,,,Ili,
781,comrades,amaqabane,noun,,,true,false,,,Ama,
782,fast,ngokukhawuleza,adverb,,,false,false,,,,
783,become cruel,khohlakala,verb,,ukukhohlakala,false,true,intransitive,,,It can be used in a more lighthearted way than it would usually be used in English.
784,test,uvavanyo,noun,,,false,false,,,Ulu,"Xhosa speakers often just say ""itest"""
785,tests,iimvavanyo,noun,,,true,false,,,Izin,
786,exam,uvavanyo,noun,,,false,false,,,Ulu,
787,exams,iimvavanyo,noun,,,true,false,,,Izin,
788,test,uviwo,noun,,,false,false,,,Ulu,
789,tests,iimviwo,noun,,,true,false,,,Izin,
790,death penalty,isigwebo sokufa,noun,,,false,false,,,Isi,
791,be cold,banda,verb,,ukubanda,false,false,intransitive,,,"This is usually of a non-person subject. For people, ""godola"" is used."
792,be cold,godola,verb,,ukugodola,false,false,intransitive,,,
793,take an oath,funga,verb,,ukufunga,false,false,either,,,"Do not confuse with ""swear - thuka"". Note that if you ""swear by"" something, the thing that you swear by is used just as an object following the verb and the word ""by"" is not translated."
794,bathe,bhafa,verb,,ukubhafa,false,false,either,,,
795,reject,ala,verb,,ukwala,false,false,either,,,
796,foot,inyawo,noun,,,false,false,,,Ili,
797,leg,umlenze,noun,,,false,false,,,Class3Um,
798,legs,imilenze,noun,,,true,false,,,Imi,
799,piece,iqatha,noun,,,false,false,,,Ili,
800,ankle,iqatha,noun,,,false,false,,,Ili,
801,pieces,amaqatha,noun,,,true,false,,,Ama,
802,ankles,amaqatha,noun,,,true,false,,,Ama,
803,finger,umnwe,noun,,,false,false,,,Class3Um,Can be used to refer to both fingers of your hand and toes
804,fingers,iminwe,noun,,,true,false,,,Imi,
806,stomachs,izisu,noun,,,true,false,,,Izi,
807,veteran,igqala,noun,,,false,false,,,Ili,
808,toe,umnwe,noun,,,false,false,,,Class3Um,"The formal Xhosa for ""toe"" is ""uzwane"" but most people use ""umnwe"", sometimes followed by the word for foot ""unyawo"".  In this case the posessive concord wa- will be used."
809,toes,iminwe,noun,,,true,false,,,Imi,"The formal Xhosa word for ""toes"" is ""iinzwane"" but most Xhosa speakers use ""iminwe"" which is sometimes followed by the word for ""foot/feet"" in which case a possessive concord will be used, e.g. ""iminwe yonyawo"" the toes of the foot."
810,profit,inzuzo,noun,,,false,false,,,In,
811,play,umdlalo weqonga,noun,,,false,false,,,Class3Um,"This refers to a theatrical play and translates to ""game of the stage"" which used to be used for ""theatrical performance/play"" but these days most people just say ""ishow"" for a theatrical ""play"""
812,sprout,hluma,verb,,ukuhluma,false,false,intransitive,,,
813,exam,uviwo,noun,,,false,false,,,Ulu,
814,quickly,ngokukhawuzela,adverb,,,false,false,,,,
815,daily,yonke imihla,adverb,,,false,false,,,,"Also translates ""every day"""
816,cry out,khala,verb,,ukukhala,false,false,intransitive,,,"""khala"" is also often used for the sound of things like alarms ""I-alam iyakhala""."
817,sound,khalisa,verb,,ukukhalisa,false,false,transitive-only,,,"Often used for ""ring"" as in ""ring the bell"" or ""sound"" as in ""sound the alarm""."
818,fill,gcwalisa,verb,,ukugcwalisa,false,false,transitive-only,,,
819,drop,wisa,verb,,ukuwisa,false,false,transitive-only,,,"Used in the sense of ""let fall"" not ""drop prices"" which would be ""thoba amaxabiso"""
820,continue,qhubeka,verb,,ukuqhubeka,false,false,intransitive,,,"This is the original form of ""qhubekeka"", however ""qhubekeka"" is now becoming more popular. ""Qhubeka"" is often followed by the subjunctive, or by na- ""continue with""."
821,anger,umsindo,noun,,,false,false,,,Class3Um,"Can be used with -na- to indicate being angry, e.g. Ndinomsindo. Literally ""I have anger"". Do not confuse with the Zulu meaning of umsindo being ""noise""."
822,become thin,bhitya,verb,,ukubhitya,false,true,intransitive,,,
823,every,qho,adverb,,,false,false,,,,
824,marry,tshata,verb,,ukutshata,false,true,either,,,
825,smell,va,verb,,ukuva,false,false,either,,,
826,become tired,dinwa,verb,,ukudinwa,false,true,intransitive,,,
827,wake up,vuka,verb,,ukuvuka,false,false,intransitive,,,
828,remove,susa,verb,,ukususa,false,false,transitive-only,,,
829,draw,zoba,verb,,ukuzoba,false,false,either,,,
830,bird,intaka,noun,,,false,false,,,In,
831,bake,bhaka,verb,,ukubhaka,false,false,either,,,
832,worship,khonza,verb,,ukukhonza,false,false,either,,,"Can also refer to ""attend church""."
833,shark,ukrebe,noun,,,false,false,,,U,
834,sharks,ookrebe,noun,,,true,false,,,Oo,
835,complete,gqibezela,verb,,ukugqibezela,false,false,either,,,"Also used in the sense of ""finish off"""
836,be employed,phangela,verb,,ukuphangela,false,false,intransitive,,,
837,witness,ingqina,noun,,,false,false,,,Ili,
838,zero,iqanda,noun,,,false,false,,,Ili,"Although ""iqanda"" comes from the word for egg, it is also used for ZERO - like the French ""l'œuf"" (the egg) which we hear as LOVE in tennis matches"
839,birds,iintaka,noun,,,true,false,,,Izin,
840,come from,vela,verb,,ukuvela,false,false,intransitive,,,
841,come from,suka,verb,,ukusuka,false,false,intransitive,,,"Also used to translate ""go from"", as in ""this train goes from Cape Town to Simonstown"" ""Le treyini isuka eKapa isiya eSimonstown"". In its infinitive form it can be used for time spans, e.g. From Monday to Friday: Ukusuka ngoMvulo ukuya ngoLwesihlanu."
842,pay,hlawula,verb,,ukuhlawula,false,false,either,,,
843,hit,betha,verb,,ukubetha,false,false,either,,,
844,stay,hlala,verb,,ukuhlala,false,true,intransitive,,,"""hleli"", the irregular stative of hlala, generally translates ""staying"" or ""sitting"""
845,trust,themba,verb,,ukuthemba,false,false,either,,,"With the reflexive object concord -zi-  it can also mean ""confident"" [self-trust]. "
846,not,hayi,adverb,,,false,false,,,,"Used in simple sentences where NOT is used to modify a noun, pronoun, verb, adverb, adjective"
847,poverty,ubuhlwempu,noun,,,false,false,,,Ubu,
848,daughter,intombi,noun,,,false,false,,,In,
849,result,isiphumo,noun,,,false,false,,,Isi,
850,if,xa,conjunction,,,false,false,,participial mood,,
851,mistake,impazamo,noun,,,false,false,,,In,
852,mistakes,iimpazamo,noun,,,true,false,,,Izin,
853,nicely,kamnandi,adverb,,,false,false,,,,
854,woman,umama,noun,,,false,false,,,U,"Although ""umama"" means ""mother"" it is frequently used to refer to any ""woman"" and is more respectful than ""umfazi""."
855,man,utata,noun,,,false,false,,,U,"Although ""utata"" means ""father"" it is often used to refer to any ""man""."
856,space,indawo,noun,,,false,false,,,In,"Not used for ""outer space"""
857,when?,nini?,adverb,,,false,false,,,,"""nini?"" will always occur after the verb.  It can occur with a Subject Concord, e.g. Inini itest? When is the test?"
858,taste,ngcamla,verb,,ukungcamla,false,false,either,,,"Sometimes ""va"" is also used for ""taste"""
859,taste,incasa,noun,,,false,false,,,In,
860,become happy,onwaba,verb,,ukonwaba,false,true,intransitive,,,
861,wipe,sula,verb,,ukusula,false,false,either,,,
862,across,ngapha,preposition,,,false,false,,,,
863,radio,irediyo,noun,,,false,false,,,In,"More common in speech than ""unomathotholo"""
864,pen,ipen,noun,,,false,false,,,In,
865,friend,itshomi,noun,,,false,false,,,In,"Informal but very common.  From the English ""chum""."
866,when,xa,conjunction,,,false,false,,participial mood,,
867,sin,isono,noun,,,false,false,,,Isi,
868,sins,izono,noun,,,false,false,,,Izi,
869,sin,ona,verb,,ukona,false,false,intransitive,,,
870,swell up,dumba,verb,,ukudumba,false,true,intransitive,,,
871,face,jongana na-,verb,,ukujongana na-,false,true,intransitive,,,"Often in stative -jongene na- ""facing"""
872,click,cofa,verb,,ukucofa,false,false,transitive-only,,,
873,institution,iziko,noun,,,false,false,,,Izin,
874,brother,ubhuti,noun,,,false,false,,,U,"Also used to refer to any ""boy"" or ""young man"""
875,throat,umqala,noun,,,false,false,,,Class3Um,
876,branch,isebe,noun,,,false,false,,,Ili,
877,son,unyana,noun,,,false,false,,,U,
878,Johannesburg,iRhawuti,noun,,,false,false,,,Ili,
879,disturb,phazamisa,verb,,ukuphazama,false,false,either,,,
880,be equal,lingana,verb,,ukulingana,false,false,intransitive,,,"Refers to things or people being the same in size, quality, age, etc. It can also be used for social equality."
881,recently,kutshanje,adverb,,,false,false,,,,
882,smell,nuka,verb,,ukunuka,false,false,intransitive,,,"Normally only used to indicate ""give out a smell"""
883,become sprained,kruneka,verb,,ukukruneka,false,false,intransitive,,,
884,crocodile,ingwenya,noun,,,false,false,,,In,
885,work/job,umsebenzi,noun,,,false,false,,,Class3Um,
886,worker/staff member/employee,umsebenzi,noun,,,false,false,,,Class1Um,"Do not confuse with umsebenzi ""work"".  "
887,cough,khohlela,verb,,ukukhohlela,false,false,intransitive,,,
888,seed,imbewu,noun,,,false,false,,,In,
889,grow,khula,verb,,ukukhula,false,false,intransitive,,,
890,sheep,igusha,noun,,,false,false,,,Ili,
891,animal,isilwanyana,noun,,,false,false,,,Isi,
892,seeds,iimbewu,noun,,,true,false,,,Izin,
893,animals,izilwanyana,noun,,,true,false,,,Izi,
894,family,usapho,noun,,,false,false,,,Ulu,
895,level,umgangatho,noun,,,false,false,,,Class3Um,
896,grass,ingca,noun,,,false,false,,,In,
897,sheep,amagusha,noun,,,true,false,,,Ama,
898,water,nkcenkceshela,verb,,ukunkcenkceshela,false,false,transitive-only,,,
899,skin (generally of an animal),ufele,noun,,,false,false,,,Ulu,"""ufele"" is also used for human skin, or just generally ""outward appearance""."
900,dry,omile,relative,,,false,false,,,,"From the inchoative verb ""ukoma"" which means ""to become dry""."
901,community,ekuhlaleni,noun,,,false,false,,,Uku,Literally: in the living
902,peacefully,ngoxolo,adverb,,,false,false,,,,
903,red,bomvu,relative,,,false,false,,,,
904,blue,blowu,relative,,,false,false,,,,
905,morning,intsasa,noun,,,false,false,,,In,
906,grey,ngwevu,relative,,,false,false,,,,
907,black,mnyama,relative,,,false,false,,,,
908,brown,mdaka,relative,,,false,false,,,,
909,tear,inyembezi,noun,,,false,false,,,In,
910,tears,iinyembezi,noun,,,true,false,,,Izin,
911,rule,umthetho,noun,,,false,false,,,Class3Um,
912,rules,imithetho,noun,,,false,false,,,Imi,
913,families,iintsapho,noun,,,true,false,,,Izin,
914,decoration,isihombiso,noun,,,false,false,,,Isi,
915,white,mhlophe,relative,,,false,false,,,,
916,green,luhlaza,relative,,,false,false,,,,
917,milk,ubisi,noun,,,false,false,,,Ulu,
918,wind,umoya,noun,,,false,false,,,Class3Um,
919,wake,vukisa,verb,,ukuvukisa,false,false,transitive-only,,,
920,marriage,umtshato,noun,,,false,false,,,Class3Um,
921,braai,oja,verb,,ukoja,false,false,either,,,
922,principals,iinqununu,noun,,,true,false,,,Izin,
923,principal,inqununu,noun,,,false,false,,,In,
924,persevere,nyamezela,verb,,ukunyamezela,false,false,either,,,
925,add (in maths),dibanisa,verb,,ukudibanisa,false,false,transitive-only,,,"Note ""dibanisa"" literally means ""make meet/join"""
926,add (an ingredient),galela,verb,,ukugalela,false,false,transitive-only,,,
927,come from/come out from,phuma,verb,,ukuphuma,false,false,intransitive,,,
928,it could be,Inokuba/inoba,conjunction,,,false,false,,,,
929,be left,shiyeka,verb,,ukushiyeka,false,false,intransitive,,,"In the perfect tense form can translate ""left over"""
930,chat,ncokola,verb,,ukuncokola,false,false,either,,,
931,"be silly, naughty",geza,verb,,ukugeza,false,false,intransitive,,,"Can be confusable with the Zulu word for ""wash"" which is also ""geza""."
932,bhabhayini,goodbye,interjection,,,false,false,,,,"Informal but very common. Can be used just like the English ""Bye!"""
933,strong,omelele,relative,,,false,false,,,,"In Xhosa ""to get strong"" is ""ukomelela"" which is an inchoative verb. The relative is derived from this verb."
934,amasebe,branches,noun,,,false,false,,,Ama,
935,burst,gqabhuka,verb,,ukugqabhuka,false,false,intransitive,,,Also has the sense of EXPLODE
936,become fat,tyeba,verb,,ukutyeba,false,true,intransitive,,,"Sometimes used to mean ""get rich""."
937,TV,iTV,noun,,,false,false,,,In,"More common than ""umabonakude"""
938,hot,shushu,relative,,,false,false,,,,
939,train,uloliwe,noun,,,false,false,,,U,
940,trains,oololiwe,noun,,,true,false,,,Oo,
941,patient,isigulana,noun,,,false,false,,,Isi,
942,patients,izigulana,noun,,,true,false,,,Izi,
943,hospital,isibhedlele,noun,,,false,false,,,Isi,
944,hospitals,izibhedlele,noun,,,true,false,,,Izi,
945,spring,intwasahlobo,noun,,,false,false,,,In,
946,winter,ubusika,noun,,,false,false,,,Ubu,
947,writer,umbhali,noun,,,false,false,,,Class1Um,
948,writers,ababhali,noun,,,true,false,,,Aba,
949,gun,umpu,noun,,,false,false,,,Class3Um,
950,guns,imipu,noun,,,true,false,,,Imi,
951,autumn,ukwindla,noun,,,false,false,,,Uku,
952,opinion,uluvo,noun,,,false,false,,,Ulu,
953,nose,impumlo,noun,,,false,false,,,In,
954,noses,iimpumlo,noun,,,true,false,,,Izin,
955,flu,iflu,noun,,,false,false,,,Ili,
956,fever,ifiva,noun,,,false,false,,,Ili,
957,answer,impedulo,noun,,,false,false,,,In,
958,answers,iimpendulo,noun,,,true,false,,,Izin,
959,mouth,umlomo,noun,,,false,false,,,Class3Um,
960,thighs,amathanga,noun,ámáthangá,,true,false,,,Ama,
961,thigh,ithanga,noun,íthangá,,false,false,,,Ili,
962,amagxa,shoulders,noun,,,true,false,,,Ama,
963,shoulder,iligxa,noun,,,false,false,,,Ili,
964,necks,iintamo,noun,,,true,false,,,Izin,
965,neck,intamo,noun,,,false,false,,,In,
966,bone,ithambo,noun,,,false,false,,,Ili,
967,bones,amathambo,noun,,,false,false,,,Ama,
968,lip,umlebe,noun,,,false,false,,,Class3Um,
969,lips,imilebe,noun,,,true,false,,,Imi,
970,knee,idolo,noun,,,false,false,,,Ili,
971,cheek,isidlele,noun,,,false,false,,,Isi,
972,cheeks,izidlele,noun,,,true,false,,,Izi,
973,hairs,iinwele,noun,,,true,false,,,Izin,
974,chin,isilevu,noun,,,false,false,,,Isi,
975,chins,izilevu,noun,,,false,false,,,Izi,
976,mouths,imilomo,noun,,,true,false,,,Imi,
977,knees,amadolo,noun,,,true,false,,,Ama,
978,buttock,impundu,noun,,,false,false,,,In,
979,buttocks,iimpundu,noun,,,true,false,,,Izin,
980,elbow,ingqiniba,noun,,,false,false,,,In,
981,elbows,iingqiniba,noun,,,true,false,,,Izin,
982,forehead,ibunzi,noun,,,false,false,,,Ili,
983,foreheads,amabunzi,noun,,,true,false,,,Ama,
984,eyebrow,ishiya,noun,,,false,false,,,Ili,
985,eyebrows,amashiya,noun,,,true,false,,,Ama,
986,eyelash,umsebe,noun,,,false,false,,,Class3Um,
987,eyelashes,imisebe,noun,,,true,false,,,Imi,
988,backs,imihlana,noun,,,true,false,,,Imi,
989,tongues,iilwimi,noun,,,true,false,,,Izin,
990,fist,inqindi,noun,,,true,false,,,Ili,
991,fists,amaqindi,noun,,,true,false,,,Ama,
992,nail,uzipho,noun,,,false,false,,,Ulu,
993,nails,iinzipho,noun,,,true,false,,,Izin,
994,nipple,ingono,noun,,,false,false,,,In,
995,nipples,iingono,noun,,,true,false,,,Izin,
996,palm,intende,noun,,,false,false,,,In,Referring to the palm of a hand
997,palms,iintende,noun,,,true,false,,,Izin,Referring to the palms of hands
998,penis,umthondo,noun,,,false,false,,,Class3Um,
999,penises,imithondo,noun,,,true,false,,,Imi,
1000,thumb,ubhontsi,noun,,,false,false,,,U,
1001,big toe,ubhontsi,noun,,,false,false,,,U,Referring to the large toe of the foot.
1002,big toes,oobhontsi,noun,,,true,false,,,Oo,Referring to the large toe of the foot.
1003,thumbs,oobhontsi,noun,,,true,false,,,Oo,
1004,vagina,isibeleko,noun,,,false,false,,,Isi,
1005,vaginas,izibeleko,noun,,,true,false,,,Izin,
1006,operating theatre,icandelo loqhaqho,noun,,,false,false,,,Ili,
1007,operating theatres,amacandelo oqhaqho,noun,,,true,false,,,Ama,
1008,tuberculosis ,isifo sephepha,noun,,,false,false,,,Isi,
1009,dot,icaphaza,noun,,,false,false,,,Ili,Can also be used to refer to tuberculosis 
1010,dots,amachapaza,noun,,,true,false,,,Ama,Can also be used to refer to tuberculosis.
1011,exams,iimviwo,noun,,,true,false,,,Izin,
1012,serve,khonza,verb,,ukukhonza,false,false,either,,,
1013,after that,emva koko,conjunction,,,false,false,,indicative mood,,
1014,improve,phucuka,verb,,ukuphucuka,false,false,intransitive,,,
1015,praise,ncoma,verb,,ukuncoma,false,false,either,,,
1016,become used to,qhela,verb,,ukuqhela,false,true,either,,,
1017,shin,uxhongo,noun,,,false,false,,,U,"More specifically, the tibia"
1018,shins,ooxhongo,noun,,,true,false,,,Oo,"More specifically, the tibia."
1019,soldier,ijoni,noun,,,false,false,,,Ili,This can also be used to refer to the immune system
1020,soldiers,amajoni,noun,,,true,false,,,Ama,
1021,ubuhlungu,pain,noun,,,false,false,,,Ubu,Abstract pain.
1022,doctor's room,igumbi likagqirha,noun,,,false,false,,,Ili,
1023,public,kawonke-wonke,relative,,,false,false,,,,
1024,summer,ihlobo,noun,,,false,false,,,Ili,"The locative of ihlobo is ehlotyeni, due to palatalisation."
1025,build,akha,verb,,ukwakha,false,false,either,,,
1026,swollen,dumbile,relative,,,false,false,,,,
1027,regularly,rhoqo,adverb,,,false,false,,,,
1028,tool,isixhobo,noun,,,false,false,,,Isi,
1029,weapon,isixhobo,noun,,,false,false,,,Isi,
1030,tools,izixhobo,noun,,,true,false,,,Izi,
1031,weapons,izixhobo,noun,,,true,false,,,Izi,
1032,value,ixabiso,noun,,,false,false,,,Ili,
1033,become full,zala,verb,,ukuzala,false,true,intransitive,,,
1034,smell,ivumba,noun,,,false,false,,,Ili,
1035,smells,amavumba,noun,,,true,false,,,Ama,
1036,air,umoya,noun,,,false,false,,,Class3Um,
1037,distance,umgama,noun,,,false,false,,,Class3Um,
1038,spirit,umoya,noun,,,false,false,,,Class3Um,
1039,flourish,hluma,verb,,ukuhluma,false,false,intransitive,,,
1040,pink,pinki,relative,,,false,false,,,,
1041,orange,orenji,relative,,,false,false,,,,
1042,become fine,lunga,verb,,ukulunga,false,true,transitive-only,,,
1043,OK,rayithi,relative,,,false,false,,,,
1044,alright,rayithi,relative,,,false,false,,,,
1045,regularly,qho,adverb,,,false,false,,,,
1046,strike,qhankqalaza,verb,,ukuqhankqalaza,false,false,intransitive,,,
1047,protest,qhankqalaza,verb,,ukuqhankqalaza,false,false,intransitive,,,
1048,give up,yeka,verb,,ukuyeka,false,false,intransitive,,,
1049,vagina,umphantsi,noun,,,false,false,,,Class3Um,More euphemistic term.
1050,vaginas,imiphantsi,noun,,,true,false,,,Imi,More euphemistic term.
1051,penis,iphambili,noun,,,false,false,,,Ili,More euphemistic term.
1052,penises,amaphambili,noun,,,true,false,,,Ama,More euphemistic term.
1053,breast,ibele,noun,,,false,false,,,Ili,
1054,breasts,amabele,noun,,,true,false,,,Ama,
1055,paediatric ward,icandelo labantwana,noun,,,false,false,,,Ili,
1056,paediatric wards,amacandelo abantwana,noun,,,true,false,,,Ama,
1057,orthopaedic ward,icandelo lamathambo,noun,,,false,false,,,Ili,
1058,orthopaedic wards,amacandelo amathambo,noun,,,true,false,,,Ama,
1059,trauma unit,icandelo leengxwelerha,noun,,,false,false,,,Ili,
1060,trauma units,amacandelo eengxwelerha,noun,,,true,false,,,Ama,
1061,x-ray section,icandelo legesi,noun,,,false,false,,,Ili,
1062,x-ray sections,amacandelo egesi,noun,,,true,false,,,Ama,
1063,tuberculosis ward,icandelo lesifo sephepha,noun,,,false,false,,,Ili,
1064,tuberculosis wards,amacandelo esifo sephepha,noun,,,true,false,,,Ama,
1065,maternity ward,icandelo lokubelekisa,noun,,,false,false,,,Ili,
1066,maternity wards,amacandelo okubelekisa,noun,,,true,false,,,Ama,
1067,cancer ward,icandelo lomhlaza,noun,,,false,false,,,Ili,
1068,cancer wards,amacandelo omhlaza,noun,,,true,false,,,Ama,
1069,x-ray,igesi,noun,,,false,false,,,In,
1070,x-rays,iigesi,noun,,,true,false,,,Izin,
1071,waiting room,igumbi lokulindela,noun,,,false,false,,,Ili,
1072,waiting rooms,amagumbi okulindela,noun,,,true,false,,,Ama,
1073,examination room,igumbi lokuxilongela,noun,,,false,false,,,Ili,Medical examination
1074,examination rooms,amagumbi okuxilongela,noun,,,true,false,,,Ama,Medical examinations
1075,on the floor,phantsi,preposition,,,false,false,,,,
1076,doctors' rooms,amagumbi abagqirha,noun,,,true,false,,,Ama,
1077,blood,igazi,noun,,,false,false,,,Ili,
1078,hole,umngxuma,noun,,,false,false,,,Class3Um,
1079,holes,imingxuma,noun,,,true,false,,,Imi,
1080,carve,xonxa,verb,,ukuxonxa,false,false,either,,,
1081,advertise,bhengeza,verb,,ukubhengeza,false,false,either,,,
1082,advertisement,isibhengezo,noun,,,false,false,,,Isi,
1083,apart from,ngaphandle kwa-,preposition,,,false,false,,,,"kwa- changes to ko- before nouns starting with u- , e.g. ngaphandle kokutya - apart from the food."
1084,without,ngaphandle kwa-,preposition,,,false,false,,,,"kwa- changes to ko- before nouns starting with u- , e.g. ngaphandle kokutya - apart from the food."
1085,travel towards,bheka,verb,,ukubheka,false,false,intransitive,,,
1086,mdaka,dirty,relative,,,false,false,,,,
1087,sink,yela,verb,,ukuyela,false,false,intransitive,,,
1088,evening,injikalanga,noun,,,false,false,,,In,
1089,advertisements,izibhengezo,noun,,,true,false,,,Izi,
1090,kind,uhlobo,noun,,,false,false,,,Ulu,
1091,type,uhlobo,noun,,,false,false,,,Ulu,
1092,types,iintlobo,noun,,,true,false,,,Izin,
1093,kinds,iintlobo,noun,,,true,false,,,Izin,
1094,shoulder,igxalaba,noun,,,false,false,,,Ili,
1095,make a mistake,phazama,verb,,ukuphazama,false,false,either,,,
1096,spots,amachaphaza,noun,,,true,false,,,Ama,
1097,spot,ichaphaza,noun,,,false,false,,,Ili,
1098,hair,unwele,noun,,,false,false,,,Ulu,
1099,tend to,thanda,verb,,ukuthanda,false,false,transitive-only,,,
1100,mother,umama,noun,,,false,false,,,U,
1101,mothers,oomama,noun,,,true,false,,,Oo,
1102,dada,swim,verb,,ukudada,false,false,intransitive,,,
1103,paint,peyinta,verb,,ukupeyinta,false,false,either,,,
1104,save,onga,verb,,ukonga,false,false,transitive-only,,,
1105,boil,bilisa,verb,,ukubilisa,false,false,transitive-only,,,
1106,chola,pick up,verb,,ukuchola,false,false,transitive-only,,,
1107,women,oomama,noun,,,true,false,,,Oo,
1108,eggs,amaqanda,noun,,,true,false,,,Ama,
1109,spread,qaba,verb,,ukuqaba,false,false,transitive-only,,,
1110,saw,sarha,verb,,ukusarha,false,false,transitive-only,,,
1111,dig,peta,verb,,ukupeta,false,false,either,,,
1112,collect,qokelela,verb,,ukuqokelela,false,false,transitive-only,,,
1113,raise,nyusa,verb,,ukunyusa,false,false,transitive-only,,,
1114,months,iinyanga,noun,,,true,false,,,Izin,
1115,be quiet,thula,verb,,ukuthula,false,false,intransitive,,,
1116,weed,ncothula,verb,,ukuncothula,false,false,transitive-only,,,
1117,heavy,nzima,relative,,,false,false,,,,
1118,window,ifestile,noun,,,false,false,,,In,
1119,cow,inkomo,noun,,,false,false,,,In,
1120,cows,iinkomo,noun,,,true,false,,,Izin,
1121,stir,zamisa,verb,,ukuzamisa,false,false,transitive-only,,,
1122,at midnight,ezinzulwini zobusuku,adverb,,,false,false,,,,
1123,century,inkulungwane,noun,,,false,false,,,In,
1124,centuries,iinkulungwane,noun,,,true,false,,,Izin,
1125,spring,intlakohlaza,noun,,,false,false,,,In,
1126,bathroom,igumbi lokuhlambela,noun,,,false,false,,,Ili,"This literally translates to a room used for washing. ""Indlu yangasese"" may be a more relevant term in some contexts."
1127,bathrooms,amagumbi okuhlambela,noun,,,true,false,,,Ama,
1128,baby finger,ucikicane,noun,,,false,false,,,U,
1129,baby fingers,oocikicane,noun,,,true,false,,,Oo,
1130,baby toe,ucikicane,noun,,,false,false,,,U,
1131,baby toes,oocikicane,noun,,,true,false,,,Oo,
1132,windows,iifestile,noun,,,true,false,,,Izin,
1133,role,indima,noun,,,false,false,,,In,
1134,Monday,uMvulo,noun,,,false,false,,,U,
1135,Tuesday,uLwesibini,noun,,,false,false,,,U,
1136,Wednesday,uLwesithathu,noun,,,false,false,,,U,
1137,Thursday,uLwesine,noun,,,false,false,,,U,
1138,Friday,uLwesihlanu,noun,,,false,false,,,U,
1139,Saturday,uMgqibelo,noun,,,false,false,,,U,
1140,Sunday,iCawe,noun,,,false,false,,,In,
1141,brothers,oobhuthi,noun,,,true,false,,,Oo,
1142,maternal aunt,umakazi,noun,,,false,false,,,U,
1143,maternal aunts,oomakazi,noun,,,true,false,,,Oo,
1144,paternal aunt,udadebawo,noun,,,false,false,,,U,
1145,maternal aunts,oodadebawo,noun,,,true,false,,,Oo,
1146,elder brother,umkhuluwa,noun,,,false,false,,,Class1Um,
1147,elder brothers,abakhuluwa,noun,,,true,false,,,Aba,
1148,brother-in-law,usibali,noun,,,false,false,,,U,
1149,brothers-in-law,oosibali,noun,,,true,false,,,Oo,
1150,va,taste,verb,,ukuva,false,false,either,,,
1151,cream,krimi,relative,,,false,false,,,,As in the colour cream.
1152,blue,zuba,relative,,,false,false,,,,
1153,maroon,maruni,relative,,,false,false,,,,
1154,ochre,mpemvu,relative,,,false,false,,,,As in an ochre colour.
1155,silver,silivere,relative,,,false,false,,,,As in a silver colour.
1156,yellow,mthubi,relative,,,false,false,,,,
1157,yellow,tyheli,relative,,,false,false,,,,
1158,speed,amendu,noun,,,false,false,,,Ama,
1159,truth,inyaniso,noun,,,false,false,,,In,
1160,falsehood,ubuxoki,noun,,,false,false,,,Ubu,
1161,lay table,deka,verb,,ukudeka,false,false,transitive-only,,,
1162,beige,lubhelu,relative,,,false,false,,,,
1163,supper,isidlo sangokuhlwa,noun,,,false,false,,,Isi,
1164,dinner,isidlo sangokuhlwa,noun,,,false,false,,,Isi,
1165,lunch,isidlo sasemini,noun,,,false,false,,,Isi,
1166,snake,inyoka,noun,,,false,false,,,In,
1167,snakes,iinyoka,noun,,,true,false,,,Izin,
1168,meals,izidlo,noun,,,true,false,,,Izi,
1169,meal,isidlo,noun,,,false,false,,,Isi,
1170,breakfast,isidlo sakusasa,noun,,,false,false,,,Isi,
1171,ugly,bi,adjective,,,false,false,,,,
1172,beautiful,hle,adjective,,,false,false,,,,"Hle changes to tle when nasalised (for instance, when used for class 9 and 10 words)."
1173,fire,umlilo,noun,,,false,false,,,Class3Um,
1174,fires,imililo,noun,,,true,false,,,Imi,
1175,fireplace,iziko,noun,,,false,false,,,Ili,
1176,wire,ucingo,noun,,,false,false,,,Ulu,
1177,door,ucango,noun,,,false,false,,,Ulu,
1178,doors,iingcango,noun,,,true,false,,,Izin,
1179,wires,iingcingo,noun,,,true,false,,,Izin,
1180,fireplaces,amaziko,noun,,,true,false,,,Ama,
1181,centre,umbindi,noun,,,false,false,,,Class3Um,
1182,centres,imibindi,noun,,,true,false,,,Imi,
1183,art,ubugcisa,noun,,,false,false,,,Ubu,
1184,blood pressure,ipresha yegazi,noun,,,false,false,,,In,
1185,high blood pressure,ihayihayi,noun,,,false,false,,,Ili,
1186,germ,intsholongwane,noun,,,false,false,,,In,
1187,germs,iintsholongwane,noun,,,true,false,,,Izin,
1188,card,ikhadi,noun,,,false,false,,,Ili,
1189,cards,amakhadi,noun,,,true,false,,,Ama,
1190,expert,ingcali,noun,,,false,false,,,In,
1191,experts,iingcali,noun,,,true,false,,,Izin,
1192,heel,isithende,noun,,,false,false,,,Isi,
1193,heels,izithende,noun,,,true,false,,,Izin,
1194,heartburn,isitshisa,noun,,,false,false,,,Isi,
1195,calf,isiquluba,noun,,,false,false,,,Isi,
1196,calves,iziquluba,noun,,,true,false,,,Izin,
1197,wrist,isihlahla,noun,,,false,false,,,Isi,
1198,wrists,izihlahla,noun,,,true,false,,,Izin,
1199,illness,isigulo,noun,,,false,false,,,Isi,
1200,illnesses,izigulo,noun,,,true,false,,,Izi,
1201,out patient,isigulana sangaphandle,noun,,,false,false,,,Isi,
1202,out patients,izigulana zangaphandle,noun,,,true,false,,,Izin,
1203,disease,isifo,noun,,,false,false,,,Isi,
1204,chest,isifuba,noun,,,false,false,,,Isi,This refers to the chest of a person.
1205,chests,izifuba,noun,,,true,false,,,Izi,Refers to the chest of a person.
1206,diseases,izifo,noun,,,true,false,,,Izin,
1207,diabetes,isifo seswekile,noun,,,false,false,,,Isi,
1208,nausea,isichaphuchaphu,noun,,,false,false,,,Isi,
1209,corpse,isidumbu,noun,,,false,false,,,Isi,
1210,corpses,izidumbu,noun,,,true,false,,,Izi,
1211,liver,isibindi,noun,,,false,false,,,Isi,Can also be used to describe having courage.
1212,livers,izibindi,noun,,,true,false,,,Izi,
1213,report,ingxelo,noun,,,false,false,,,In,
1214,reports,iingxelo,noun,,,true,false,,,Izin,
1215,cold,ingqele,noun,,,false,false,,,In,This is in terms of the sickness.
1216,procedures,iinkqubo,noun,,,true,false,,,Izin,
1217,rheumatism,irumathizima,noun,,,false,false,,,In,
1218,many types,iintlobontlobo,noun,,,true,false,,,Izin,
1219,garage,igaraji,noun,,,false,false,,,In,This can also refer to a petrol station garage.
1220,garages,iigaraji,noun,,,true,false,,,Izin,
1221,bedroom,igumbi lokulala,noun,,,false,false,,,Ili,
1222,bedrooms,amagumbi okulala,noun,,,true,false,,,Ama,
1223,dining room,igumbi lokutyela,noun,,,false,false,,,Ili,
1224,dining rooms,amagumbi okutyela,noun,,,true,false,,,Ama,
1225,sitting room,igumbi lokuhlala,noun,,,false,false,,,Ili,
1226,sitting rooms,amagumbi okuhlala,noun,,,true,false,,,Ama,
1227,lounges,amagumbi okuphumla,noun,,,true,false,,,Ama,
1228,lounge,igumbi lokuphumla,noun,,,false,false,,,Ili,
1229,gate,iheke,noun,,,false,false,,,In,
1230,gates,iiheke,noun,,,true,false,,,Izin,
1231,church,icawe,noun,,,false,false,,,In,
1232,churches,iicawe,noun,,,true,false,,,Izin,
1233,ascend,nyuka,verb,,ukunyuka,false,false,intransitive,,,
1234,ward,iwodi,noun,,,false,false,,,Ili,
1235,wards,amawodi,noun,,,true,false,,,Ama,
1236,neurological disease,isigulo sengqondo,noun,,,false,false,,,Isi,
1237,gynecological disease,isifo sezibeleko,noun,,,false,false,,,Isi,
1238,topical treatment,into yokurhaba,noun,,,false,false,,,In,
1239,topical treatments,izinto zokurhaba,noun,,,true,false,,,Izi,
1240,dentist,ugqirha wamazinyo,noun,,,false,false,,,U,
1241,dentists,oogqirha bamazinyo,noun,,,true,false,,,Oo,
1242,weight,ubunzima,noun,,,false,false,,,Ubu,
1243,although,nangona,conjunction,,,false,false,,participial mood,,
1244,matron,umeyitroni,noun,,,false,false,,,U,
1245,matrons,oomeyitroni,noun,,,true,false,,,Oo,
1246,asthma,umbefu,noun,,,false,false,,,Class3Um,
1247,cough,ukhohlokhohlo,noun,,,false,false,,,Ulu,
1248,cancer,umhlaza,noun,,,false,false,,,Class3Um,
1249,disaster,intlekele,noun,,,false,false,,,In,
1250,temperature,ubushushu,noun,,,false,false,,,Ubu,
1251,as usual,njengesiqhelo,adverb,,,false,false,,,,
1252,virus,ivirasi,noun,,,false,false,,,In,
1253,viruses,iivirasi,noun,,,true,false,,,Izin,
1254,viruses,iintsholongwane,noun,,,true,false,,,Izin,
1255,hip bone,ihleza,noun,,,false,false,,,Ili,
1256,hip bones,amahleza,noun,,,true,false,,,Ama,
1257,announce,bhengeza,verb,,ukubhengeza,false,false,either,,,
1258,hip,idywantsi,noun,,,false,false,,,Ili,
1259,hips,amadywantsi,noun,,,true,false,,,Ama,
1260,bodies,imizimba,noun,,,true,false,,,Imi,
1261,bladder,isinyi,noun,,,false,false,,,Isi,
1262,bladders,izinyi,noun,,,true,false,,,Izi,
1263,cold,umkhulane,noun,,,false,false,,,Class3Um,
1264,lungs,imiphunga,noun,,,true,false,,,Imi,
1265,lung,umphunga,noun,,,false,false,,,Class3Um,
1266,wing,iphiko,noun,,,false,false,,,Ili,
1267,wings,amaphiko,noun,,,true,false,,,Ama,
1268,shortness of breath,iphika,noun,,,false,false,,,Ili,
1269,passage,ipaseji,noun,,,false,false,,,In,
1270,passages,iipaseji,noun,,,true,false,,,Izin,
1271,nurse,umongikazi,noun,,,false,false,,,U,
1272,nurses,oomongikazi,noun,,,true,false,,,Oo,
1273,throats,imiqala,noun,,,true,false,,,Imi,
1274,mixture,umxube,noun,,,false,false,,,Class3Um,
1275,mixtures,imixube,noun,,,true,false,,,Imi,
1276,gold,golide,relative,,,false,false,,,,
1277,social worker,unontlalontle,noun,,,false,false,,,U,
1278,social workers,oonontlalontle,noun,,,true,false,,,Oo,
1279,blood transfusion,unikezelo lwegazi,noun,,,false,false,,,Ulu,
1280,phones,iminxeba,noun,,,true,false,,,Imi,
1281,disasters,iintlekele,noun,,,true,false,,,Izin,
1282,entrance,isango,noun,,,false,false,,,Ili,
1283,entrances,amasango,noun,,,true,false,,,Ama,
1284,navel,inkaba,noun,,,false,false,,,Izin,"Commonly known as a ""belly button"""
1285,navels,iinkaba,noun,,,true,false,,,Izin,"Commonly known as ""belly buttons"""
1286,HIV,isifo uGawulayo,noun,,,false,false,,,Isi,"Most people simply refer to this as ""iHIV"". It can also appear just as ""uGawulayo""."
1287,part-time job,isingxungxo,noun,,,false,false,,,Isi,
1288,part-time jobs,izingxungxo,noun,,,true,false,,,Izin,
1289,pains,iintlugu,noun,,,true,false,,,Izin,
1290,step,isitephu,noun,,,false,false,,,Isi,Steps of a stairway
1291,steps,izitephu,noun,,,true,false,,,Izi,Steps of a stairway
1292,faces,iimbuso,noun,,,true,false,,,Izin,This plural is slightly non-standard but is sometimes used.
1293,symptom,uphawu,noun,,,false,false,,,Ulu,
1294,symptoms,iimpawu,noun,,,true,false,,,Izin,
1295,mumps,uqwilikane,noun,,,false,false,,,Ulu,
1296,operation,uqhaqho,noun,,,false,false,,,Ulu,
1297,operations,iiqhaqho,noun,,,true,false,,,Izin,
1298,ice,umkhenkce,noun,,,false,false,,,Class3Um,
1299,ice,imikhenkce,noun,,,true,false,,,Imi,
1300,chart,itshati,noun,,,false,false,,,In,
1301,charts,iitshati,noun,,,true,false,,,Izin,
1302,needles,iinaliti,noun,,,true,false,,,Izin,
1303,needle,inaliti,noun,,,false,false,,,In,
1304,medicine,iyeza,noun,,,false,false,,,Ili,
1305,treatments,iinyango,noun,,,true,false,,,Izin,
1306,nostril,ithatha,noun,,,false,false,,,Ili,
1307,nostrils,amathatha,noun,,,true,false,,,Ama,
1308,wall,udonga,noun,,,false,false,,,Ulu,
1309,walls,iindonga,noun,,,true,false,,,Izin,
1310,medicines,amayeza,noun,,,true,false,,,Ama,
1311,break,aphuka,verb,,ukwaphuka,false,true,intransitive,,,"In some dialects it is ""ophuka""."
1312,break,aphula,verb,,ukwaphula,false,false,transitive-only,,,"In some dialects it is ""ophula""."
1313,intestine,ithumbu,noun,,,false,false,,,Ili,
1314,intestines,amathumbu,noun,,,true,false,,,Ama,
1315,brain,ubucopho,noun,,,false,false,,,Ubu,
1316,quality,umgangatho,noun,,,false,false,,,Class3Um,
